seller,A01,A02,A03,B07,B08,B09,C10T12,C13T15,C16,C17_18,C19,C20,C21,C22,C23,C24A,C24B,C25,C26,C27,C28,C29,C301,C302T309,C31T33,D,E,F,G,H49,H50,H51,H52,H53,I,J58T60,J61,J62_63,K,L,M,N,O,P,Q,R,S,T,TXS,IMP_OTHER
A01,0.12790870220559084,0.012678081035823479,0.008497871458929282,0.0008818999023658329,0.0009354183001452525,0.0025289186531166578,0.20182709212116615,0.011214252447854869,0.0025231960234678957,0.0011362282519756088,0.0003994972929653843,0.0031837829315384666,0.00386575688895143,0.002616438409874181,0.0008767815838610824,0.0008217217699216024,0.000673917129075063,0.0007770198351099116,0.00123069899379549,0.0009846755174714133,0.0009886737263062532,0.0006769027871318986,0.0009068989486488835,0.0009910527471247376,0.001382049287371211,0.0012146153943666644,0.0009135261128811132,0.0017397595379848956,0.0025870405300854227,0.0007311937116991692,0.0010565743327312492,0.0009586635216847747,0.0007668321180515342,0.0004486544851988885,0.02586088938334371,0.0006346207818326666,0.0006370600064473542,0.0004201204871818386,0.00030348888065262264,0.00030458486753656374,0.0011911865883725027,0.0014531453481032974,0.0008394838780890678,0.0005460654430685551,0.002204425020962618,0.0018845969410510148,0.001968628191130674,0.0,0.0,0.0
A02,0.007488389647815678,0.31483821442379084,0.0012522198972621074,0.0004868406700843059,0.0005654551072788157,0.00025757504800262256,0.004209128546485049,0.0009250685966124916,0.231634360653784,0.01748477963352587,7.506573710638675e-05,0.0009080871259917681,0.00038522838753975787,0.005200255637152077,0.0005914088241076896,0.0002654549594250113,0.00026102424013470753,0.0001715923060830648,0.0002467162385688383,0.00019623713284394853,0.00021353872516852515,0.00012625224744895524,0.0003068250934051612,0.00019175884980532893,0.006750232028225896,0.004679121517629332,0.00019290895539027646,0.0008682122877534038,0.0007971086692845408,0.00011031616753255549,0.000171935980654429,0.00013856947416928409,0.00010520344826495432,7.103696015649068e-05,0.0012556850220731067,0.00014473255311999337,0.00011705018190749582,8.43471289942179e-05,3.817535263706077e-05,5.010175412781655e-05,0.00013216261534075463,0.00017250118032161672,0.00031216680847643067,0.00011885898005861522,0.0002246712993485134,0.0007493807597920038,0.00046184642325256133,0.0,0.0,0.0
A03,9.607964944709074e-05,3.39135475844976e-05,0.01071136796877364,2.7933481070410997e-05,2.522476314998434e-05,4.683182690956774e-05,0.004205096009455964,2.571987940302774e-05,1.696613972319536e-05,2.2618126795767387e-05,1.1444325015216435e-05,3.072711950381243e-05,2.495002509972525e-05,2.1486067383130302e-05,2.3481027955572642e-05,2.2451414478732307e-05,1.8034402045670702e-05,1.6351857637457037e-05,2.593979143831244e-05,2.040221900976756e-05,1.902820323283887e-05,1.3245889270723722e-05,0.00011132591884612043,2.5089942965183225e-05,1.8773459490981113e-05,4.536682704672114e-05,1.7349781384165558e-05,1.6300797906915215e-05,3.8093275493143295e-05,1.5273203574523108e-05,5.916076753700784e-05,2.1926687222636392e-05,1.7346834340487137e-05,1.0468604654640732e-05,0.0011765967824866137,1.5417163267129727e-05,1.5793656322953406e-05,1.1036911559881705e-05,8.431683577020197e-06,4.662811595905475e-06,2.1980533629611056e-05,1.4359143755961437e-05,2.4993747737491996e-05,1.050687116540245e-05,3.8641809558352306e-05,3.0180378059535825e-05,2.7914939429789453e-05,0.0,0.0,0.0
B07,1.2616519624365452e-05,5.186777865864338e-06,5.818865693597153e-06,0.004607694210852557,0.0008071924207994988,0.0006322296632791644,1.6088142522292266e-05,8.08559083029315e-06,5.793316003042318e-06,7.740963181439106e-06,0.00018039870221354327,0.00019771138369256358,1.1477011545873614e-05,2.02314065140424e-05,0.0006643565509563352,0.008047379352041613,0.01867414872876449,0.00032346018389094704,3.285706915519576e-05,0.00010013194329793817,0.00011443349999748933,5.714655085369378e-05,6.516639151968025e-05,6.630913497941281e-05,4.708031637972607e-05,0.00016978914888012096,3.126396249423893e-05,0.0001434033865577761,7.135118165124364e-06,8.203892205743841e-06,5.546321956594484e-06,5.930989166778696e-06,1.1326462422318071e-05,5.234302327320366e-06,5.751170179788913e-06,4.09026780556503e-06,6.78979617622296e-06,4.57628040287778e-06,3.1036872062651027e-06,9.450799342036602e-06,9.220647581913113e-06,7.785846836565756e-06,7.600139618135321e-06,3.064504089909048e-06,4.961788775975199e-06,7.101265425773135e-06,9.791060844776898e-06,0.0,0.0,0.0
B08,0.0008525855761542346,0.0001863250202583574,0.0005167152735914272,0.004502611115397201,0.038131433628393,0.006614995550976443,0.000578080985357144,0.0001464647024687388,6.414028431939709e-05,0.0007069676530548683,0.0019139880671830065,0.004278625460088242,0.0001796401807180218,0.0003326419629169297,0.05137288874250642,0.008695564894757013,0.005833654472246954,0.0003924445832989689,0.0001492979107227316,0.00036079713617273167,0.00022199570438312017,0.00010702678530744768,0.0001303327830393605,9.946370246911922e-05,0.00045452305439492555,0.0021465672376317006,0.0006302608702822122,0.008695182216583745,5.922344636782289e-05,8.134071846546021e-05,6.748025047189955e-05,5.104245222318635e-05,5.7652714131619e-05,2.3928239210607386e-05,0.00012853286374964486,2.4226970848346714e-05,2.2583452499176367e-05,1.2472607372549245e-05,5.6900932114860216e-06,0.00010320773586104871,3.664974569174556e-05,0.0002816306728669237,0.00011282891835782102,1.561437798191753e-05,3.1762966028023056e-05,5.1878689082731516e-05,7.249551434005021e-05,0.0,0.0,0.0
B09,1.1160767360015592e-05,4.388812040346748e-06,0.000159436920004562,0.0012490256535769488,0.002463618534315137,0.01396759237577858,9.493264255974025e-06,4.6973432442655445e-06,5.793316003042318e-06,3.676957511183575e-05,0.001331230990750275,3.311980503894536e-05,5.489005521939555e-06,1.5212763037690796e-05,0.00019614485352221678,8.610777788313801e-05,0.00011864738187941251,8.584725259664944e-06,6.052618002272903e-06,6.979706503341534e-06,8.456979214595055e-06,4.9199017291259546e-06,5.430532626640021e-06,7.168555132909493e-06,7.040047309117917e-06,0.0005173988944907393,1.1509260918208837e-05,5.501129695163547e-05,6.820622598617504e-06,1.937514967739503e-05,2.6807222790206676e-05,2.8576584167206448e-05,1.7550914744492863e-05,1.869393688328702e-05,4.516019537149684e-06,1.3214711371825482e-05,7.970630293826952e-06,7.178479063337695e-06,3.51751216710045e-06,2.2218766665052934e-06,1.019859505272208e-05,8.168757336724729e-06,4.692703656835232e-06,2.334860258978322e-06,4.059645362161527e-06,7.298522798711278e-06,5.208011087647286e-06,0.0,0.0,0.0
C10T12,0.0887384848782763,0.0009116759556538472,0.042462590512455864,0.0005041328250326556,0.0009028363144098561,0.0007493092305530839,0.14157489809547896,0.004497359631062961,0.0004113254362160046,0.0021594868225220903,0.00047343365589263783,0.007934019303683175,0.00703590707812252,0.001630745464596999,0.0005934438465305059,0.00025964400508933944,0.000578999223571533,0.0003592298724728843,0.00041849530187144067,0.00048643185323287927,0.00045376979098311595,0.00023660942777304204,0.0003855678164914414,0.0003207928421976998,0.0009624331342173286,0.0003674930056942531,0.000877108749975736,0.0003083749416654285,0.004166142425489268,0.0005212089814117258,0.0032917420812388263,0.0006272470361229592,0.0008754028929825832,0.0006326028241304327,0.11640947420756498,0.0017899641189122657,0.0006411929258589682,0.0006534210567403137,0.0003982547966839171,0.00022462860157992955,0.0006015308324018772,0.0009815272487408307,0.0015004919942730654,0.0020848842825014558,0.005506006790358297,0.008293883502557145,0.0034487449422400326,0.0,0.0,0.0
C13T15,0.0010585259964842613,0.0008606061428207214,0.006973328647206828,0.002025842460487426,0.0012276051399659044,0.0022128038214770758,0.0012219007254072054,0.23211844635911233,0.0013167379658343328,0.006765964678226908,0.0002733085513502346,0.002078488145124689,0.001604785614414328,0.005343443808836733,0.002450793157816302,0.000839418767216603,0.0008248365988256757,0.0014552131306234423,0.0015990440322195267,0.0015752660677541587,0.0018039793787133075,0.005591884614528727,0.0029976540099052916,0.002295729781314265,0.01565985190087144,0.0006725143710820643,0.0015583882843282172,0.0013393146976253415,0.002472858983470526,0.0006709736518910494,0.0005444639387390252,0.0006987783600131991,0.0008392806614735687,0.0023038407814962923,0.0033516970641742972,0.0010178474116156054,0.000505397002334509,0.0003433107612041252,0.00021617181391636443,0.00013149754581204568,0.0012586649638583213,0.002770102194983387,0.002111614630278967,0.0008257379234643023,0.0039366907327205046,0.0061179374216764944,0.0070026917084505405,0.0,0.0,0.0
C16,0.0031244325598986256,0.005938860656414667,0.0017165653796111602,0.0031578135267217003,0.0024331386121755724,0.0025874584367536176,0.0035183465522837538,0.0024880518069216357,0.1882498723401438,0.021425413703077215,0.0003163000617692384,0.003321551246035068,0.0012130702203486416,0.003197660057479151,0.008044913257951928,0.00556213983638994,0.006725882783980137,0.003510335038321089,0.0016722518880565417,0.00330784398208363,0.002400724974543171,0.0038113343333601277,0.01298983404292293,0.0027150902565894705,0.06178990856151886,0.0026658763143138807,0.013533688379717657,0.03186849625825002,0.0022491543558196157,0.0009391711066596752,0.00046219349638287367,0.00039306282750742447,0.002677432860353188,0.0004808080566381422,0.002191736216905731,0.001199392374985684,0.0004197865288082195,0.0003095719096064381,0.00020934370206258116,0.0012810214273717493,0.0018230803612966395,0.0015757405265708615,0.0009384897237186025,0.0005622635361152172,0.0014462486602700437,0.0016512414688651922,0.004800327979706256,0.0,0.0,0.0
C17_18,0.0027812632261158855,0.0007125834821872084,0.0029746041425668646,0.0034278371770690066,0.0023553622591297877,0.0025406266098440496,0.020638398498081585,0.006699181522592218,0.005848145600928255,0.25914325680463923,0.001007702934234584,0.007157403951306079,0.01388568696900109,0.007839121110061204,0.011102456178140228,0.0024572412811252544,0.003741663834949153,0.003946316442579787,0.005491453847490744,0.00631099693027139,0.0042826671303910265,0.0028440816534139653,0.002077178729689808,0.0032213694628512035,0.009491450449213684,0.006030835897463504,0.003792387362556664,0.0017250483016329568,0.008056098775666794,0.0021967230512614094,0.0023239088998130886,0.0013644869622479957,0.0033608981333683808,0.010301854737641811,0.005048253668754444,0.04864146474377933,0.005461210189653768,0.007616545748177878,0.00596239003571568,0.0006126120792043328,0.011134211368723173,0.01015823265871736,0.005622369057373047,0.006249691269454038,0.006721419504618768,0.008185589204814105,0.011547202183531561,0.0,0.0,0.0
C19,0.0268555236724243,0.018056769682724797,0.07006263427032589,0.04730601527562365,0.03675142887772927,0.05310729171544981,0.009182548876764115,0.005406334051641821,0.007873530256420442,0.010915120943478268,0.13891949911201074,0.07679676831298543,0.007104769147397762,0.01121902065877537,0.020227653262234867,0.02769395182666029,0.01323630192246726,0.005282263211560028,0.0028052443341010556,0.008061292561109344,0.004275795834779168,0.00549129154686706,0.004167933790946216,0.003999157694771884,0.009244608790437737,0.06879590623644964,0.017869931265663115,0.009620836895431691,0.013370346578635164,0.11548304866409215,0.2221440601665006,0.3254707587855922,0.025755049025725257,0.02535944701839184,0.0056809981839039715,0.0035830745976749663,0.004038157473676255,0.0030465465144805175,0.003009024746474017,0.0007802542383940351,0.0048307810922332065,0.008297925812111688,0.007093990722626886,0.002421833803625265,0.0056585066166017165,0.007263608243701226,0.010076668172823475,0.0,0.0,0.0
C20,0.09727957751351886,0.004295051055848431,0.007666937437883609,0.0375292969009798,0.028750974831992567,0.027630777876644964,0.01855072047364836,0.06177221981964666,0.027096373466943754,0.06328346258121208,0.03152459792020475,0.32962315958406563,0.09393784250146955,0.2452452665958306,0.04340577595718062,0.014481162338782336,0.02300050686161539,0.01722668202106099,0.02356543586199224,0.030069380967145714,0.013524295447740229,0.01866141433096224,0.0265009992180033,0.0115619833599914,0.033648639452190446,0.004955707216303648,0.020853406543684772,0.010507126549888748,0.003853730392110517,0.004112331881302596,0.004987067825971207,0.005889292515666797,0.004533544134785312,0.001601696512160032,0.006027496537621858,0.007134056324875499,0.0008107902259998418,0.0019516489953449357,0.0006425149798169807,0.0014293551653891449,0.00474346435376812,0.008206218747323614,0.001805670754912687,0.0020798497400680337,0.01650219527202424,0.004839315130291454,0.02277963217692572,0.0,0.0,0.0
C21,0.0060718456444523086,0.0003534988607042926,0.0012068327448520495,0.002317148763078855,0.0012822587934575372,0.0016508218985622626,0.002204033519959987,0.002326648012823593,0.001074867022707316,0.002084254336602479,0.0009465661453375067,0.009855345788394922,0.09109453764110487,0.006893106814768926,0.001536441929226303,0.0008045530412025717,0.000939687264484947,0.0008374195092582686,0.001524395076858161,0.0013248019843842488,0.0010447012136029453,0.0008295711223264687,0.0011512729168476844,0.0008279681178510465,0.0017309716321293677,0.0004006607146547267,0.0012687671812222456,0.000754885899245672,0.000565679244281306,0.0004739056880552027,0.0007626192690317415,0.0008015821722373632,0.0004242831599279148,0.0003559325582577849,0.0006087362745332279,0.0005767277605846692,0.0003613352399868219,0.00030167558263676663,0.00014964945146208236,0.00011225171271485196,0.001760910843509498,0.0005452645522263757,0.0011672080193408762,0.00040502529054964586,0.0456394353048337,0.0011813744065265362,0.0017784316262097952,0.0,0.0,0.0
C22,0.007994797335507516,0.0021971989005626852,0.0056117140749050946,0.0076231800006916865,0.005995085375312945,0.006860862642251673,0.02640009580635892,0.018915508194014753,0.00731737192012838,0.019072523753568858,0.0016856286081622736,0.01723791404163877,0.020273891395534743,0.1020966167285502,0.00975261015106754,0.002656926802841979,0.006109865577262227,0.011562296336335638,0.020644903565943132,0.03388164296922084,0.02133933708382743,0.0399830573722608,0.010790468329133721,0.0222010152466207,0.022722632696091715,0.0013373446001667415,0.00787783142849339,0.016078664471575663,0.009642257165344137,0.010160695047711743,0.002693663696919388,0.0015763850297519984,0.0037330387500728317,0.002634349585592807,0.0024103192821952916,0.0024579363151595395,0.0012304291505433609,0.0007191938711581453,0.0006173751134462334,0.0008735730583872574,0.0025111828293287006,0.004084059576278899,0.0008711596277727057,0.000843614197322105,0.003131151842802713,0.0023950990222149277,0.004060582084816836,0.0,0.0,0.0
C23,0.004330086585233179,0.0010872284372677172,0.0009845520753566383,0.011145458947093987,0.009577001742610721,0.00574860675314944,0.009520483880920357,0.0020185484993759466,0.005211501553022497,0.0016079431958445542,0.0010945894544158983,0.006632524303388496,0.007273930317573899,0.009487588659434068,0.15066805089935467,0.01363329127435021,0.0074814293117882345,0.006157291993384447,0.00973606838651327,0.011133168773330005,0.0048072641222963765,0.008853249625368405,0.008525936223824833,0.0038674354942046713,0.006692591640882493,0.0029722000766504012,0.004001615419248878,0.08783247043516804,0.001831858051010827,0.0012531881721518704,0.0024597937877496538,0.0009043859844615272,0.0014416239738964838,0.0006699906978970069,0.0027026639999249646,0.0004656612578643265,0.0005582393290972877,0.00028660077660375746,0.00031673127939935375,0.0030798965882270143,0.0017225380475120412,0.0013216155912986907,0.0006864609327574843,0.00094109461313445,0.0014417379432009752,0.0014969862032275646,0.003043353359177568,0.0,0.0,0.0
C24A,0.0005621144743409591,0.0003562917410936042,0.0002769780070152245,0.007970353265423938,0.0015460677747344569,0.006228632978972509,0.0004659680548297339,0.0005282586009124859,0.001651715773295958,0.0006359685063751066,0.0005860699073581891,0.0007504217423082715,0.0003358273378423019,0.004933169704644989,0.008152143285615709,0.2900651434394458,0.023290006473401157,0.15566753852727608,0.010517720768521083,0.03328514651343526,0.08306894261596039,0.04171024564236735,0.05933399947866887,0.05601329766977155,0.01465855183880169,0.002005561061318064,0.010894632029173743,0.02234350057422132,0.0008044010352329186,0.00048114955032197657,0.0008920334480189462,0.0001254494072245918,0.001026422391946824,9.197416946577214e-05,5.40378406154663e-05,3.272214244452024e-05,3.40965851458153e-05,1.974081742417866e-05,2.8243553577012437e-05,0.00025241770693002397,0.0008596623957682631,0.00021806752984053436,0.00012558083046878632,9.740745142925187e-05,8.089219277195931e-05,0.0003882025099422647,0.00045184704196427853,0.0,0.0,0.0
C24B,0.00021525723482186592,0.0001428358827676487,3.0258101606705194e-05,0.0015496431165251815,0.0004099024011872455,0.00045661031236828546,0.000948360296934184,0.0004433984000078854,0.0007562346425399883,0.0007646620192665317,0.00020057685421405648,0.003491180057394229,0.0008782408835103288,0.0023336692165034953,0.002076505572204474,0.0271411187619075,0.29355545388793236,0.0434446373622982,0.01691649087654302,0.05236900634482166,0.020270850616183434,0.013522312057104769,0.009511577895559996,0.01652799992831445,0.01261591144559158,0.0006166415419824184,0.006038926381785547,0.003244014622844262,0.00045358123079451744,0.00014356811360051724,0.00026529906692376946,2.5700953056041016e-05,0.00017959075552504328,1.0468604654640732e-05,0.00011471461593511846,6.60735568591274e-05,2.686397617549084e-05,1.9471624459303498e-05,2.5036410130538494e-05,7.560639473629281e-05,0.0001331405628115636,4.8182904603337265e-05,4.9579434287433104e-05,8.755725971168709e-06,8.164397895013737e-05,0.00015642509673994713,0.0003078976155017075,0.0,0.0,0.0
C25,0.007521483749291899,0.0047215637895875835,0.004960001117222212,0.023783363882807076,0.012669137292079635,0.038378682152390764,0.016540374747866675,0.006361126820259009,0.015072759910915353,0.006302958317937081,0.002997660237867284,0.009852953102859788,0.0059091639446189285,0.015412567781093045,0.01453381706338124,0.037258518528888236,0.024300882167013753,0.14988398868001776,0.026516231248052715,0.053919843439814125,0.1174669127295244,0.06173916558163911,0.09962312103571118,0.06733692657159372,0.04277972747976866,0.007135485576127446,0.009243482537445037,0.051168204629806854,0.005318021749766453,0.0038603676600474637,0.005073035816298422,0.005637315339550927,0.004369769610570712,0.0012891338874714729,0.0028507662816689245,0.0012695561996503766,0.002764332669310948,0.001307559961386961,0.0004701051555089542,0.001836052477472283,0.004052241767614907,0.004568249903729918,0.004307238857544972,0.0010085866674955422,0.0020204629431624464,0.0031594713423502307,0.005394666205028565,0.0,0.0,0.0
C26,0.0006110277504231145,0.0004297045970412225,0.0007925295074679323,0.0017677903020274386,0.001044725607128518,0.002669414133845361,0.0005662774134282559,0.0005795443484646309,0.0004235327806509867,0.0009927785280195653,0.0005469182691482381,0.0014086621261051057,0.0011127711194477462,0.0011542879995608687,0.001010779983394217,0.0013835354004658803,0.0017369976707145992,0.0031580547053441242,0.2611762311961731,0.04163099633968084,0.018291124638166824,0.009668666568874159,0.017622078373446867,0.010014471520674561,0.00963606475435515,0.003266845679680159,0.0019199852131764202,0.0030807884686597214,0.0028024306811968076,0.0008915187115071632,0.0017812937350595952,0.0024372770936571487,0.00183141754554743,0.0021789652831159354,0.0007854014148882202,0.0048252574666265615,0.0258762084361151,0.011251637814863795,0.0008589454343338672,0.00018253812106655461,0.003915189414920106,0.0028437486478472963,0.0014529528659233868,0.0012173377675248228,0.005190707667230419,0.0026103068160904415,0.004006002128618292,0.0,0.0,0.0
C27,0.0012817413436845733,0.0005362330347478208,0.0016269548479297638,0.005190306816035415,0.003679662324503965,0.007235517257528215,0.0012130795506560793,0.000844597716444336,0.0008081675824244035,0.0017275652675077303,0.00044316642789186803,0.0015051251324162546,0.0011766431837030428,0.002283169116522707,0.002027665034056883,0.002991320811431098,0.00392200785540586,0.006318970985774804,0.039524171994651795,0.1553857160306409,0.02952780720835909,0.026188636904137454,0.014290446607003213,0.018453653050892263,0.015549557826361927,0.016536316991608915,0.0035316253017530666,0.014633753018102083,0.0031345379994280505,0.002191835626117562,0.002818455940942764,0.0017266367553103918,0.0016352962772979225,0.000881606063415816,0.0013492476832530286,0.001722317382127921,0.00937715133215801,0.0024610518158770366,0.0002577612224803168,0.00037881432462037436,0.0028428467287144846,0.0025600757856461915,0.0014406600226484162,0.0005621176073490311,0.0017530525995845102,0.0032989323050174975,0.0031012664424722057,0.0,0.0,0.0
C28,0.002830079452047084,0.003738070909637153,0.0038334687189418046,0.019292724259297196,0.010992741574403591,0.02718587552100407,0.00283772991184328,0.001982817888468746,0.002375673369533282,0.0037335633044478485,0.0024880866082423836,0.0028422585541026495,0.00199600200797802,0.003762571113785978,0.008375526131566391,0.006488722918641621,0.005004071978146102,0.009452804501993445,0.010811128631678884,0.020038737371093546,0.09058825426013721,0.019447463245684905,0.03207272569293596,0.017902570375049845,0.020363190173971302,0.00719787038997064,0.00524787941867582,0.008531924894525578,0.0026654088940643505,0.002215399997346826,0.0018081009578498018,0.002614667587827166,0.0021770277097311356,0.0012151058974136564,0.000613368089443125,0.0010109254199446493,0.001980111210957196,0.001188486939923847,0.0006296346779109805,0.0002772025846747027,0.001971076411879063,0.0025012990238717893,0.0011531299083703704,0.000485577969484398,0.0014568864346912634,0.0018830188820675095,0.0015517789836753853,0.0,0.0,0.0
C29,0.000982729828587112,0.0032979927568642015,0.0012510561241233877,0.004672872333350182,0.0026370387809712794,0.0045192712967732866,0.0011197011150762993,0.0007226208033473422,0.0007150607180897948,0.0008575535774438009,0.00043127035320499827,0.001038047729794778,0.0009036899091120485,0.0026859152554999234,0.0022720242649812085,0.0018544868359432881,0.0026092932222920398,0.002916660406971165,0.012020787572418855,0.011872212311933823,0.01054743876420277,0.2998112422933524,0.004854896168216179,0.014147143554796885,0.0057014116468196,0.0020172392206248275,0.002865805968634,0.0026359605762553352,0.017912802605422797,0.015843723184618297,0.0044490745961815415,0.004569377835641866,0.003644978055744358,0.001814807392629504,0.0004241198519162455,0.0008325268164250053,0.001716637598466805,0.001058735930854018,0.00044956909182750017,0.00022731988880978103,0.0015796645789195693,0.0025852840602399903,0.0008151022221329023,0.0004126865507744184,0.0008278669394096802,0.0014806138412736987,0.0011678444062940272,0.0,0.0,0.0
C301,5.337758302616153e-06,6.78270951689952e-06,0.0011998501060197328,5.5866962140821994e-05,3.0479922139564412e-05,1.1707956727391935e-05,5.5867440090466615e-06,2.4641800625655317e-06,3.3104662874527536e-06,3.1447662924596366e-06,2.484623194093042e-06,3.2742012586029634e-06,1.99600200797802e-06,5.332308693623578e-06,4.696205591114528e-06,8.980565791492922e-06,8.5426114953177e-06,3.0353135739529624e-05,3.8333247347728386e-05,3.1408679265036906e-05,0.00015909692147456946,0.00014752136107794593,0.12967297332522373,0.007998315389543768,0.0007666318184324865,9.073365409344228e-06,1.013502080857196e-05,1.0597077033176238e-05,1.8142462992864432e-05,0.00015875404172604305,0.015244990284692707,0.0024843655531024823,0.0003235694805510865,1.2711877080635175e-05,2.3931043701135075e-06,1.5731799252173192e-06,2.2140639705074867e-06,1.435695812667539e-06,2.5346778851165007e-06,5.945867135718391e-07,7.171614785932421e-06,2.437863517678786e-05,0.0004041335986207124,2.9915397068159755e-06,2.8191981681677267e-06,2.9588605940721395e-05,3.687271850054278e-05,0.0,0.0,0.0
C302T309,2.5427139550644216e-05,0.00023819279891700078,0.002049404497284917,0.00021681701973699964,5.675571708746476e-05,0.0002341591345478387,5.389317716997643e-05,1.6325192914496647e-05,2.627682615665623e-05,1.4998116164038267e-05,1.0540825671909876e-05,2.4682440257160804e-05,1.1477011545873614e-05,3.9051319550360906e-05,4.101352882906688e-05,8.05609578354512e-05,0.0001025113379438124,0.00029862580010405913,0.00025132775704676054,0.00041797703945010647,0.000600709804836705,0.004799856126935281,0.021871470153792684,0.2204975873331631,0.004541123849685603,3.9766520167269445e-05,4.878552389210909e-05,8.352990132033035e-05,0.0004592421509916409,0.004093742210666176,0.003789062283346799,0.022920936679321838,0.0006166289407033163,0.00010019950169441844,1.1502340359577827e-05,7.551263641043132e-06,1.3727196617146418e-05,1.902296951784489e-05,1.1845739503911809e-05,4.631517558349062e-06,5.434593802066972e-05,0.000304222392376303,0.0012398939183733784,1.9335561519664232e-05,0.00016610715606844243,7.870569180231892e-05,0.0002376936260402221,0.0,0.0,0.0
C31T33,0.008700546033264329,0.004581520787209246,0.01081028868556479,0.012788213667187206,0.014219409194005755,0.01966936730201845,0.005033572340962936,0.008085821847174017,0.00641402843193971,0.006426934681389817,0.003169626279543299,0.005289472133273088,0.004759965788525583,0.004485412606989246,0.0075392884559752635,0.010016500468970428,0.007312475439991951,0.006808504723796174,0.00827882854748985,0.007759286029714758,0.009570657664917041,0.0062178474960652135,0.009055413154922235,0.009611240294448403,0.038574765889093435,0.012558709883786252,0.010270039899343783,0.005659026142957873,0.0035652986456779136,0.008124471547156321,0.01248569511128695,0.02772449872357924,0.006406083881739896,0.003613911878277047,0.003402840020471078,0.0023515893522148487,0.00464894392100692,0.002623734097649927,0.001768015417048916,0.0006878742395275051,0.004126658913250751,0.004696588739699867,0.002892439712657594,0.0027866557190906276,0.0127295818726911,0.009758322239249917,0.006416686300868468,0.0,0.0,0.0
D,0.035953004823101355,0.008431306912418862,0.02517823185619488,0.09906010487026894,0.07917737843240709,0.035346321359996255,0.03818396711163612,0.03235945857035665,0.018492471585854046,0.06419919433506638,0.03823240291974848,0.05515681660997261,0.020727981852349742,0.03675231034036597,0.07280793646221684,0.08685290070954395,0.0786394847096746,0.02887922017173334,0.0227705253643604,0.023351681907929616,0.019929400080394157,0.01906257554887559,0.019552632722217394,0.021551364937700775,0.018996980993045604,0.35734498914929685,0.06601145188639362,0.007370360580194955,0.02886003946801424,0.031077303705296645,0.004194868173170962,0.00354098025951133,0.023735265267280536,0.019755004740782393,0.04871229562743935,0.014963458176697053,0.0291584844702601,0.008764474281393866,0.008749449418821638,0.00856724348566885,0.011187160238928401,0.010024086346828333,0.01653790380906246,0.017712760675291202,0.02979760901172106,0.04277979824121381,0.0387651014093503,0.0,0.0,0.0
E,0.006730330918693229,0.000935215947506616,0.005129911995475251,0.0138975719154121,0.007553765531622394,0.012796796703039385,0.007180226219446549,0.0036278120914851487,0.003337777634324239,0.028946001338944725,0.004166487221658205,0.005854271850382099,0.003886215909533205,0.004041105826723492,0.008086709487712847,0.07426822255849452,0.07404071218802857,0.005250377089166987,0.002515871549611436,0.0031993900810317077,0.0038130405033805458,0.0021353130412364967,0.0034511034842297328,0.005237525593981998,0.0028383124067927067,0.013185293055810487,0.2103557924821851,0.0028355284710889456,0.005031359040895451,0.002443363470127708,0.0021242413093756876,0.0010395406466863024,0.003705896056340069,0.0036213894530303615,0.00895163848715507,0.0014079960330695006,0.0012853379370119464,0.000966492474890129,0.0013513971377279302,0.002028260456143769,0.0028542561158739223,0.002692499000284502,0.011564811108731322,0.0046041255375559725,0.011026147160866341,0.007210546010380866,0.006706668358228669,0.0,0.0,0.0
F,0.013735799015348578,0.01680436231957494,0.010638050261034315,0.0143657902647828,0.01123342785612636,0.03587317941272889,0.003091737739081664,0.0026980461516283917,0.0027485146351576488,0.0030100251520827122,0.003340613530264066,0.003102935346614501,0.0023542843684100745,0.003060274692314026,0.008833093096327316,0.005959397805519509,0.006810359719878278,0.006805336551378916,0.002820808208964043,0.004650095232726233,0.004450485311680647,0.0030294484124082648,0.007100421409331828,0.0041048938829822985,0.01206752109374175,0.03591307490189044,0.03536795880165575,0.17571699121929316,0.010872406573735716,0.009844670646892609,0.004537815747487054,0.002550864522548183,0.025107705984219075,0.00802867201263411,0.009456390516961108,0.004564738871010573,0.016784523751887857,0.0025143520229223195,0.00494582901942365,0.041146089047997506,0.015013589278640799,0.0069840960676495634,0.026336779121018863,0.008540918827342703,0.011737787957129694,0.011429092188035984,0.010177495267480324,0.0,0.0,0.0
G,0.11359933679808842,0.05350161368639065,0.05422019053293828,0.0666599271601227,0.04956876165331506,0.0735962159883857,0.12868207910720303,0.13438613886393905,0.08654034754930319,0.09753420084533737,0.05520855324758322,0.14032055437768265,0.11731701402091611,0.1261370168085348,0.08234389499534762,0.09222195838141678,0.06805234152981086,0.08171023261437281,0.15871664899398283,0.1118583871240522,0.10472594498153603,0.12978390429171355,0.09237879051177339,0.10244223712684311,0.08684250358162407,0.03971507548779541,0.045977607788093545,0.06821908858342918,0.045586663076437696,0.07263673793696199,0.059873469908430225,0.07862802201870742,0.029524005926903095,0.02913861329871715,0.05787043586266067,0.03718242216849638,0.03485261418961126,0.02496495556252267,0.010476806533468481,0.00575134339826773,0.025292143179333305,0.03435677226359712,0.015162176522883077,0.009542573878444403,0.058419274083536,0.035365288107214905,0.03514365881944388,0.0,0.0,0.0
H49,0.013049654448085013,0.02052966577600381,0.006654454807197704,0.026359894970111177,0.040445805647404055,0.03898749590221515,0.019361344427682812,0.009932801809693838,0.017481951751609093,0.016062498601486147,0.018762970862447347,0.015399575965750846,0.01082182388675483,0.01185152656940431,0.025884076356545944,0.018221567990939137,0.013785876595332697,0.011963938839555675,0.013823026637571829,0.01409739643524913,0.012560199817276393,0.01194892748413029,0.008688852202624034,0.011788688916069661,0.01169527859227214,0.012481477744727767,0.01100749149817767,0.008921242804000298,0.022282659534116882,0.04971157209615381,0.009239247992693645,0.006259170567340451,0.03969506714194272,0.06006511472095186,0.0052893782332721715,0.006932374658462639,0.0040520322745581025,0.002479267206500256,0.002869307094071983,0.0007587239405552232,0.005713960796228066,0.006464422700517146,0.00416043884532354,0.00346682969828425,0.0077268959286230145,0.00578062731395227,0.008125747219390802,0.0,0.0,0.0
H50,0.0007596115315377568,0.0022083704221199318,0.002325218731161422,0.0009643701798118082,0.002029542401775823,0.0011825036294665855,0.0011022687935443114,0.0008141034881700875,0.001237079870792501,0.0010445462192954392,0.0027530377906670326,0.0012577970065740924,0.000793410798171263,0.0010296060756952586,0.001124271618512818,0.0015441290475608123,0.0013440375419299848,0.00100196007673518,0.002323340653158184,0.00165123748854053,0.001150942014986296,0.0010630772274703697,0.0010046485359284038,0.001226718997119137,0.0009816465966651295,0.0008597556390748951,0.00029614874362674675,0.0006708884798209368,0.001653735624530505,0.001588674998097395,0.07376793079669218,0.0006563628011235091,0.007228936070691003,0.0007881363789993809,0.00033522760410380345,0.00032816533240033274,0.00035159335851658895,0.00019633140238228597,8.074759548299709e-05,3.5518732626528286e-05,0.00036179399527213626,0.0004839988722009402,0.00019826672950128853,7.894746250670453e-05,0.00039168059883076947,0.0003325759307737085,0.00028852381425565964,0.0,0.0,0.0
H51,0.00207473812715142,0.0019498294946522323,0.0010741626070380345,0.0013434674229102432,0.001335861415151254,0.0019201049032922773,0.00234139181251324,0.0016531567994736512,0.002986868207854247,0.0021651715923584596,0.002712756778277949,0.0024289536106128448,0.0017260427363989927,0.002285051107826339,0.00217543896999062,0.0014524744496299874,0.001616451930725116,0.0015794872486681157,0.003134679685367623,0.0029448992439098706,0.0022765130923288065,0.002241961372564781,0.0018572421583108872,0.0021908896624954636,0.0023018021347770124,0.0014900289357871418,0.0010593673445163266,0.0018135027269863514,0.0012105720593765272,0.0011298679627187208,0.0015538945348392214,0.014646667610832215,0.0036677330207909977,0.004574780234078,0.001023592496629679,0.0010511988260302127,0.0009000908061436437,0.0009216269807442683,0.0008238737689030716,0.00015255843308751137,0.001210233279589687,0.0019178072400462096,0.0007143111088078325,0.0003226485020375669,0.0010584021709479825,0.0010494092240309189,0.0011405544281947555,0.0,0.0,0.0
H52,0.007720630659054959,0.009261989336782673,0.01204272443946867,0.0136022751155249,0.01234331743472567,0.024013019247880858,0.012579499262234749,0.006666531136763226,0.012455629406540986,0.011584956163772172,0.011067114039385947,0.009176830542958276,0.006933611975213647,0.007324553321126528,0.012245512619017502,0.009988766368731994,0.007634247139648918,0.00847884698146241,0.009292497952918127,0.010438151075747266,0.008779137266551036,0.010190857369324005,0.007124858806151707,0.009690990470302021,0.008892313089677296,0.005482917501141334,0.006548254122419713,0.007066567315952693,0.027278893351428097,0.05292583960727444,0.1407869121592016,0.1570793724510226,0.14316862786234247,0.02856134452776124,0.003815457532027745,0.0037595853852843493,0.0045059153885121375,0.0023634245006156442,0.001360035733785368,0.0005329687536232627,0.004163541503578404,0.004794422372490484,0.002656478330956292,0.0007523357540726713,0.002224610479846699,0.004045748718961306,0.003857886293285603,0.0,0.0,0.0
H53,0.0009271200920889474,0.00043209849451777526,0.0007552887670289104,0.0008433250951733605,0.0008261109931619871,0.0024235470425701304,0.0005186430697721739,0.0008430576039052326,0.0005176741657004243,0.0010192671364060522,0.00017527887260147275,0.0004774037296678398,0.0009276419332077848,0.00047034099329932677,0.0005183045570726734,0.0003235645027817303,0.0003692306524087317,0.0005191714799892609,0.0005761515898354063,0.0006856219388282415,0.0009810095888930265,0.0005202985305540278,0.0005810669910504822,0.0006621952804025144,0.000916086156098969,0.001799217971410824,0.0013340435864299973,0.0004912368562349726,0.006525468509450818,0.0014640456569292865,0.0007293413372921748,0.0011610360611330418,0.004140791397276282,0.18172376044243313,0.0018634949336243556,0.004677693189641177,0.006472299402852186,0.002052596357173122,0.008720223030962641,0.0005415433199137198,0.003915189414920106,0.0024048055778317285,0.0034031282888775326,0.001112050162721519,0.002209461988356411,0.0029766137576365723,0.00562756846086815,0.0,0.0,0.0
I,0.001325413911615069,0.002412649673452435,0.0017177291527498795,0.012206931227769604,0.006516397147079288,0.009694188170280522,0.0025168911844666002,0.002891484286539786,0.001950692259881535,0.0019053655155814098,0.0014891175009930963,0.0031977612522963482,0.004311863337734517,0.002385894475179279,0.002116579859915318,0.00223008579345808,0.002464068826871639,0.0028462452200198655,0.0027386655360760533,0.004389698490101568,0.003618001420243947,0.0014867186117460307,0.0028646059605526106,0.0030403634457452384,0.00404216049665187,0.0031273155532417266,0.004940221414130864,0.0030884557655719604,0.007874870705467217,0.008120107774706458,0.009409335199362543,0.020935493124006558,0.012142477917734986,0.008789141365046224,0.0081564330640409,0.007639676352840345,0.006370157251679441,0.00877874150853225,0.008702376829526617,0.0009434213502131703,0.013729218266978356,0.01877793092779597,0.008291752323385635,0.005721866922158751,0.010619054945382922,0.01728073215624599,0.019486502605984588,0.0,0.0,0.0
J58T60,0.0005509537069809435,0.00043808323820915723,0.00045038020468441965,0.0013288355994924088,0.0008387233747369793,0.0026225823069357932,0.0018302677440765497,0.001106570859345834,0.000680093917928575,0.0017343386102914896,0.0004181696127270532,0.0013143399436938126,0.0021671591801621353,0.0007658136279695274,0.0007985114906758402,0.0007094646975279408,0.0009131102509439586,0.000700677099765034,0.0015480291090575124,0.0018995539699094113,0.0010317514641805968,0.0008407733601097093,0.001064384394821444,0.0018656164733396954,0.0014587564695101416,0.0012282471490964925,0.0012881783227708665,0.0008067180730873546,0.0037483743773307197,0.001436902992291134,0.0013875048761413868,0.002221964214208637,0.0016710103479989256,0.0028639111305195715,0.0036336973952718664,0.18622297119570486,0.024711610787628166,0.008218012562697283,0.002742107646735218,0.0007317484801815955,0.029326595616764928,0.00336233710189593,0.0024005219510649964,0.00438085452529117,0.0024914569837910013,0.01774665407112588,0.008359482757004412,0.0,0.0,0.0
J61,0.0014184850063825032,0.0016501933271703773,0.002789564213510475,0.0024036095378206033,0.0030711149135105933,0.006334004589519037,0.0017780967962627455,0.0024748068390853454,0.0015484706059560255,0.0020587333486136723,0.0009586880948602032,0.0013564008367850972,0.0034670554878578207,0.0015041815494277568,0.0017712522087820295,0.0012313940505864706,0.0018271696809429526,0.0020040223525805943,0.004120103540118626,0.0031191234562432803,0.0035252389294838575,0.0023565572374554993,0.001840950560430967,0.0023665192632517464,0.0036109575989683985,0.0034034237063681827,0.0029628616763771047,0.002579951907347636,0.0081862016603361,0.004769516012252077,0.004133858631648423,0.004129586002578003,0.006194962703795967,0.012459135053973133,0.006091222591090527,0.014283215177033085,0.1504640973290713,0.013177354554592423,0.010203888971797569,0.0019415446780749498,0.009718655689190784,0.0076861624696910385,0.007433344607723894,0.0024585348883210804,0.006751378183819164,0.008984678822586521,0.01123492983871623,0.0,0.0,0.0
J62_63,0.0017377800030299057,0.0016976722937886738,0.0023228911848839837,0.005570734224899107,0.006108596809487874,0.010736196319018405,0.005741576628725954,0.004556345941310623,0.0025815429917842503,0.006115481865886604,0.00257708129355808,0.005247033447728888,0.01079637486115311,0.0037616301181341624,0.0049054998202918655,0.0038933394049001668,0.0043016794774199795,0.004800292207695981,0.030424781377996663,0.011960263993975975,0.00787318336818754,0.004314223980872633,0.006728429924406986,0.007556553179478219,0.007409796460498881,0.012795181756440309,0.009184218432716947,0.004658568567405156,0.01554315713568524,0.006770218405065606,0.010138676536654718,0.01264073518384988,0.013817875994420034,0.023407052250301347,0.0064660522126739495,0.026665085096448514,0.049408756357315675,0.17590055365814394,0.02888555127562837,0.0028026627095147547,0.028028393633729616,0.016924069741276308,0.012519011188170634,0.005924999764689865,0.010689760435440567,0.014697646857621009,0.013955178190016161,0.0,0.0,0.0
K,0.02354533712359463,0.011330316756524269,0.02020892055386291,0.03106070078453177,0.016845937656997875,0.0717112349552756,0.018716810592533852,0.01439935918997473,0.00886418729294068,0.017776275278326936,0.013798317262589736,0.014469450946672329,0.0180348761430854,0.012996561445055656,0.015824334359819513,0.0136140094713273,0.019872012696219042,0.013100290746248706,0.016461103426848204,0.021131061438866495,0.016622456926887037,0.009915948398859611,0.013750108610652532,0.015263646016747538,0.017571518080601502,0.0340971428363045,0.02025148937566382,0.012509194912318382,0.03444111710319077,0.02760854098489995,0.028491455891025867,0.03390710561258491,0.027090551189538757,0.02258227575501072,0.01710224318410102,0.014815893899711668,0.024472934691607454,0.01781815153805195,0.158057081463254,0.03620288287558658,0.029696073485021988,0.022229549994645634,0.014714023323655312,0.005699393892166085,0.011542398729421215,0.02566732662408406,0.029180069483200732,0.0,0.0,0.0
L,0.0013884965097368963,0.0021872243277437156,0.0017817366753794482,0.004253870117294017,0.005145851682596805,0.009881515477918792,0.00442293702021473,0.006049562053598381,0.0023227059089340383,0.0036430907972647792,0.002431467316061839,0.0024249238244484104,0.004311364337232523,0.002966645624958341,0.003451711109469178,0.002529614076033168,0.0036040328719690344,0.004800394406806215,0.004828259846384555,0.005056260461170685,0.004101370638478145,0.0030392125250706835,0.006492201755148145,0.003771556069302007,0.007808879142334502,0.0048715723734170015,0.0043450036666443925,0.005832506527565694,0.03283088014670275,0.007857059571428671,0.00708635068654222,0.006356942025120075,0.020705589629613455,0.016185958311025234,0.02703740896891516,0.013353151205244605,0.01921054744650526,0.015450061026045136,0.013247312918141026,0.010226328180759617,0.017417058179398967,0.012102333086441151,0.006539537584042115,0.005698372390802782,0.01221212744625114,0.021943501937757803,0.020268120910018696,0.0,0.0,0.0
M,0.01735373159286181,0.005513943854326551,0.009392813002604524,0.034414048678746346,0.02802786495502635,0.15045895190371375,0.030011106699123553,0.018336502884938807,0.008269130977771046,0.01681397679283429,0.01139583721712565,0.020221466973131902,0.03928032151600345,0.017457821830314958,0.020060781423563934,0.016057251635189344,0.015246663161032023,0.01823784001771724,0.045366677686274365,0.02759963866596333,0.023434289403642897,0.023904742830681357,0.02582761317229994,0.028431385726510664,0.02546091776403404,0.040153375474267845,0.025393380525883896,0.03668284185804287,0.04787571905725787,0.01671822318357099,0.02127199347752538,0.0230902394609917,0.03492458565810675,0.028783428497934693,0.025100847155087175,0.05532873796989311,0.055098605552990516,0.04253356522213534,0.04622197208802367,0.014276308639197866,0.1454294041608219,0.03794840893667158,0.025785131403098502,0.011522608342441112,0.023469711982069597,0.043425027108094476,0.04183928619416674,0.0,0.0,0.0
N,0.012953865949090792,0.011375800808578772,0.012011302564723244,0.04683380642895718,0.039057392642357004,0.10583992881562308,0.018183759604001506,0.012472524392302394,0.00846486229701669,0.01629001034749063,0.00850780156624623,0.013910192185539414,0.025122180272913353,0.013639418307854569,0.018737390687987857,0.009974503117180799,0.011855246397390898,0.014384115969009553,0.019449079180636927,0.02187225257947134,0.02097991546720714,0.015687295890307686,0.01868103223564167,0.02216696460973938,0.02144735745957546,0.030730316484195063,0.03628869967511246,0.021045919659382517,0.038663161115626635,0.03405601477957364,0.0640868258214565,0.07447039861279556,0.05889015566130775,0.05054690981745744,0.02596020321470342,0.045003014212736725,0.05673022309498983,0.04588133866431117,0.03285775361844666,0.013300873488564485,0.0514223873411499,0.08885272228305534,0.027396003948604083,0.018399574413346297,0.02919035372629773,0.05945199140194562,0.03544968155095404,0.0,0.0,0.0
O,0.0018336655521750832,0.002476486939493842,0.0012370908464587546,0.0030806639123367556,0.0025634665551171583,0.00907366646372875,0.0023255977091493183,0.001696279950568548,0.0022062188764442946,0.0022061745067101447,0.0010826180881170864,0.0017919955349969298,0.0026591736751287167,0.0016462718928519616,0.002032674320020738,0.002446411775317866,0.00275261925960237,0.001890785738441204,0.002621648254698777,0.0022635725090836855,0.00198659727362847,0.001766698865531214,0.002112477191762968,0.0022464459647755126,0.00230928218504295,0.004185643313763227,0.006216031575914999,0.004076976045525541,0.004500824676171286,0.003596621253177699,0.004023856579509298,0.004111074127299876,0.005967311013127574,0.0037417784065587297,0.002882995993750292,0.00346445683131358,0.004845848010117386,0.004204435187396888,0.003676938233262267,0.0019062450037113164,0.008281678303154962,0.004134476125466496,0.0038928017139386,0.001466219278255293,0.003074843058057176,0.004946623141169803,0.00402183448232474,0.0,0.0,0.0
P,0.00036879057363529776,0.00029045956048840294,0.0003142187474542463,0.0008539664212954219,0.0007546408309036981,0.003044068749121903,0.0004701686142350321,0.00032219154318044327,0.00018931729081370435,0.00038438720297833556,0.0003436309169042619,0.00043106118877684404,0.0009795379854152133,0.00039223835419860496,0.0004253196863686058,0.0004091440120888981,0.0005400828823150857,0.00041574598043234514,0.000744472014279567,0.0007846800811256656,0.0005978027182316879,0.000475565270216898,0.0007249761056564428,0.0008745637262149581,0.0006531110555729601,0.0009092467231258637,0.0008403478270429496,0.000873354986901857,0.000854484454199136,0.0006097935621439598,0.0008005191357351372,0.0014140915989155995,0.0011133606440532655,0.0007350455982508456,0.00047302409767324254,0.000990474080916824,0.002175686861685357,0.002706824992808061,0.0013982628145425332,0.0003289003347178963,0.002740907347114445,0.0012309296211777075,0.001914062007855892,0.004073017793021497,0.0012869827584230218,0.0016054777583435428,0.001352416319240247,0.0,0.0,0.0
Q,0.0004935000176146024,0.0005912926767085346,0.0007331770773932412,0.0012437049905159182,0.000670558287070417,0.0020488924272935886,0.000738122298699007,0.0005127804698944961,0.00031470120145097734,0.0006007713144095005,0.0002615630598872493,0.0005399913460342119,0.001138220145049466,0.0006027077149881003,0.0009120031257944414,0.00034786485727635817,0.0005210993012143797,0.0007862177550309811,0.0009021283022435326,0.0009336699699469945,0.0006932080149963384,0.0005007703052291895,0.0008064340950560431,0.0005842372433321237,0.0007900986427962128,0.0007359411024842267,0.0010701894853797171,0.0006660574594087536,0.0012843016137494788,0.001290542064322704,0.0011545593539644186,0.0015418774564180133,0.0011019321414289444,0.0014499017446677413,0.00119852070639346,0.0012824562750371584,0.001181424534662795,0.0014377596253982484,0.0010756345294512758,0.00025172923810378285,0.0013510577153861782,0.001369096493318403,0.001946094811078637,0.0010168316427850593,0.058076797890066985,0.0021039471397582294,0.0023977683047528104,0.0,0.0,0.0
R,0.0005436749456591944,0.0006299940192461377,0.0006039982589953845,0.0008100709510419189,0.0007546408309036981,0.0012878752400131129,0.001117852868937968,0.0008332778892819255,0.0003573234549019316,0.0006554418668784142,0.0002428154485136382,0.0006623961007789072,0.0006816346857244939,0.0006395633780175575,0.0006468240500828409,0.00042948235226374966,0.0006055762371125215,0.0007028232810799502,0.0007580183498084635,0.0007218627225955917,0.000755578236703977,0.0005879661020284679,0.0011159744547745243,0.0006962459172838346,0.0011242075546747674,0.0007106311884476349,0.001140103950957493,0.0009925097677778356,0.0018569587284126558,0.0008977152683859697,0.001507675185200934,0.0012449685441901827,0.0010250958693207868,0.0011343480900778563,0.00377218866107779,0.030284028196418438,0.0017821738919938264,0.001218457090013282,0.0010166127444121344,0.0003945865195488063,0.003856233153108481,0.0023076101292080426,0.002342526254784326,0.0016715410522791993,0.0012300725447349423,0.1291300022743775,0.017593078094959542,0.0,0.0,0.0
S,0.0006974994349254962,0.0005454096417412731,0.001173083323829186,0.001213111177914992,0.000961694095093153,0.0015688662014705194,0.0008411200153169199,0.0010181683996012957,0.0006442995011954921,0.0006021017924563104,0.00028686104149983305,0.0006316689812750949,0.0007809357856214003,0.0005278985606687343,0.0006346139155459433,0.0005388339474895753,0.0005106583316089914,0.0007880573390151951,0.0019826647256016806,0.0008262898698955862,0.0007809491743477621,0.00048472385651265556,0.0008118646276826831,0.0006514424477031502,0.0009209261886239875,0.0007327719365756997,0.0011062632882576852,0.0006247911947266202,0.0010709949957662017,0.0009217160168602203,0.001120357035232086,0.0009983831764077472,0.0012113192379760165,0.0008434704321739103,0.0018286405264273794,0.0016779537082367926,0.0013160396240696503,0.0013605909754673684,0.001881920737518845,0.00026790825552044814,0.0020248169538463743,0.001534960558303931,0.0007026303573141883,0.0006048017714584786,0.0023343336725517865,0.0035717392517909488,0.015579036047144586,0.0,0.0,0.0
T,0.0,0.0,0.0,0.0,0.0,0.0,0.0,0.0,0.0,0.0,0.0,0.0,0.0,0.0,0.0,0.0,0.0,0.0,0.0,0.0,0.0,0.0,0.0,0.0,0.0,0.0,0.0,0.0,0.0,0.0,0.0,0.0,0.0,0.0,0.0,0.0,0.0,0.0,0.0,0.0,0.0,0.0,0.0,0.0,0.0,0.0,0.0,0.0,0.0,0.0
TXS,0.030336130286333855,0.013580181401571115,0.05510582189150376,0.049805396748542806,0.03821866926762002,0.06689926474031752,0.021814807165129412,0.018420439018319947,0.00893950040098023,0.019881333453479533,0.005467149817959941,0.009674131341813011,0.018666610778610444,0.02469784237538669,0.027267265443315546,0.0277433449385135,0.018368513073043127,0.012678719416533016,0.01799529798047195,0.020436849092034144,0.018083664366808787,0.026980968154914232,0.017535189851420628,0.01675112120682626,0.022223082672448893,0.00901723210085484,0.02289621446665999,0.020772234561063925,0.028391873505322966,0.09221235932070376,0.02331119118356662,0.01382783165192786,0.031177567400359527,0.029988813548169038,0.02722001827173785,0.026606562803230434,0.021164237494081067,0.014362611178937766,0.015783646103100867,0.006776254422277799,0.017726089580174603,0.018869829447834125,0.013823123735934832,0.007252003000003576,0.018680345366059538,0.027933813839143316,0.026017973471224805,0.0,0.0,0.0
IMP_OTHER,-7.104071050027316e-05,0.0002361978843532068,0.0012219617956554022,0.0013142037760745745,0.0010310621937556098,0.0016742378120170466,-0.00125647132931281,0.0023486716221327725,0.0006997498115103258,0.0014751372962629895,0.007373684015560668,0.003047147994400612,0.001838816849849751,0.0026393359707350354,0.0011723294557285566,0.0012002262046042302,0.000787818615679299,0.000934815261311372,0.004313210876381618,0.002824365081602165,0.0018275003521539001,0.00580699785628528,0.0016753193153184465,0.0024552301330215015,0.0017956520667818886,0.00232964083538866,0.0005948741874590626,0.0009391192002548036,0.0007582291548751305,0.0020891996980967665,0.0024172719860824296,0.003309491955062513,0.000634281895649812,0.0007634603823134418,0.00012204832287578888,0.0007843875107133553,0.0008009007402649083,0.00045619234447511045,0.00023096605626622807,3.301520962201528e-05,0.0004695079238426668,0.00027665283636485704,0.00020841725154161693,0.00011761858554603299,0.0009894633784090542,0.0004444208612296354,0.0005810057169379312,0.0,0.0,0.0
