seller,A01,A02,A03,B07,B08,B09,C10T12,C13T15,C16,C17_18,C19,C20,C21,C22,C23,C24A,C24B,C25,C26,C27,C28,C29,C301,C302T309,C31T33,D,E,F,G,H49,H50,H51,H52,H53,I,J58T60,J61,J62_63,K,L,M,N,O,P,Q,R,S,T,TXS,IMP_OTHER_plus
A01,1.179179596331679,0.024114829059347254,0.023965896835029928,0.005268151075149825,0.004504406553922187,0.008112356284516809,0.28074567875568757,0.022667473824773167,0.012982632274893238,0.007730687682832611,0.002550298024026607,0.013029299520654585,0.011058466459651585,0.010066405170606972,0.0051307586374685354,0.005782053116478879,0.005499825439006441,0.004902077149624144,0.006815482761732821,0.006224920630999096,0.0054955560700356175,0.0061394040676222925,0.0055581839681239495,0.005825574647132689,0.006506721452285114,0.005783489284715417,0.005141506135491067,0.006340142495786492,0.006816873677531752,0.00387411507668665,0.0059532653040144995,0.0061287899351823065,0.004369322859460635,0.003674562087826001,0.06538168330743299,0.004654530484990438,0.003842392265944848,0.0029104879342431817,0.0022984120981602548,0.0012072419986665377,0.004632667232604656,0.004939308046922658,0.003113449535131269,0.0022931100449347735,0.0075310985584610655,0.008781342532497911,0.00694121611200616,0.0,0.0,0.0
A02,0.020340194085055698,1.465870263069407,0.006051452703412748,0.007428969843610668,0.006344887003593964,0.00752978376137023,0.018614364856102815,0.00800756243340431,0.42130688604766126,0.05209212760344563,0.002628325401155749,0.009796561868708201,0.005764425036936966,0.015902414293110206,0.010513414200631361,0.011165725924922472,0.011414674535353934,0.00774278542937116,0.007249011334393778,0.008196697935911485,0.007183991787253893,0.00887447849603434,0.012213998881158344,0.007664349345350223,0.04160475669166042,0.017412666564661356,0.012812778248887543,0.022204048570204266,0.005329790603143461,0.0038468736260064786,0.004336500906492476,0.005029496074801543,0.004809654062934715,0.0035906346571864083,0.008081802269933576,0.006245743244476955,0.0038162138842864216,0.002374896266435867,0.001835739859145328,0.002133857176548082,0.004110799307041922,0.003453270506886587,0.0030527918645340967,0.00188371924202235,0.004575365370424928,0.006070763850552877,0.006374070749184517,0.0,0.0,0.0
A03,0.0007003999453734367,0.00010465678289287154,1.0110863997564732,0.00011310822552656997,9.227963543614384e-05,0.00014727210255843662,0.0051758320592493485,0.0001392455814538238,9.634364691462318e-05,0.00012310581784867705,5.041979585918586e-05,0.00018584021126958228,0.00013681804006197544,0.00013035782347190454,9.839136036619403e-05,0.00011579694756838274,0.00010800568132026611,9.148428970798024e-05,0.0001231791502251623,0.00011270556883260596,9.925265279464007e-05,0.00010508512427200504,0.0002064309054698317,0.00011290464976418227,9.249359068478377e-05,0.00013576588041583468,9.229386713623398e-05,8.712781496635064e-05,0.00011351511876087781,7.650095419590036e-05,0.0001591688763214688,0.00012961543795145735,9.052392674432524e-05,7.594530756848086e-05,0.0018541341140907133,9.274144961536408e-05,7.898055803168779e-05,6.298295785363029e-05,5.1844962436570686e-05,2.0146457904626224e-05,9.106695869287618e-05,8.506384407714571e-05,6.911994599282075e-05,4.468641977914082e-05,0.00013217241355241143,0.00016191270642732105,0.00012370986058691827,0.0,0.0,0.0
B07,0.00036140440998408315,0.0001978071240352448,0.00019680095802497268,1.0052048702220011,0.0011875119116932875,0.0012842614167294277,0.0004224553060601056,0.0002939574240136771,0.0003354792128432477,0.00038723663492291096,0.0003681017145665819,0.0007953548146333648,0.00029119400328107457,0.0006085688571446855,0.0013742340446089053,0.013047016915130473,0.027496549111964537,0.004373783083808222,0.001448848995402587,0.0029644317023985096,0.002772943160861475,0.002187235405715235,0.0021574739935868864,0.0023418300353509297,0.001113426499106685,0.0007287596192617175,0.0007498279448689227,0.0012621792947320298,0.00023296221229696988,0.00025423398401380867,0.0003278795090589722,0.00037245789461868184,0.00023278244413756652,0.00016000796647326428,0.00019780124039612586,0.00015405610664033493,0.00023037832978516106,0.00011308328547567205,7.187908757036691e-05,0.00010476759608723297,0.00017696475817663852,0.00014514784058125622,0.00013505055837930235,6.69105917003913e-05,0.00017927807596350887,0.00020513939098120476,0.00020964467625316855,0.0,0.0,0.0
B08,0.003983671354497047,0.0015978735501005457,0.001856915723784754,0.007792896832877735,1.0421010555175598,0.010102438715872694,0.0038062501933609247,0.0022306534931899155,0.0020825044982099405,0.0035067118030656847,0.0034233135166685546,0.00930259854142596,0.0025806385544373356,0.004688742212760535,0.06520591836915997,0.017043371783515105,0.012402624747582167,0.00581134185676273,0.0035401496684149252,0.004748793564078814,0.004349433645597046,0.004428492575547436,0.004236140949535666,0.0038509204152333497,0.0032317141416086546,0.006235242678240152,0.00379681588104929,0.019695075175172504,0.001340335834583552,0.0016264555020118585,0.002073307535954152,0.0022741327071034547,0.0016732031503752895,0.0011686850283274645,0.0017940102303005384,0.0010985117218224392,0.0013436623734816979,0.0006297608776944588,0.0005372848105295095,0.0013175819526976063,0.0011940861277795322,0.0011847597169479338,0.0011419298873556719,0.0005682048548909821,0.0013610856529085412,0.0014488000661406026,0.0015422053326609945,0.0,0.0,0.0
B09,0.00023000948956457214,0.00011603469193684675,0.00035519206466138524,0.0015562867371169797,0.00282174676922509,1.0144257796682696,0.00021426713314010905,0.00015575326779264506,0.00014320996439363796,0.0002757283194578904,0.0016690123144444957,0.0004287070355413424,0.00014337983152257924,0.0002553158066985111,0.0006206043441227258,0.0004928423748103733,0.0004963464154488339,0.0002286105797632785,0.00017873091161470014,0.00021227146799076776,0.0001910237552582478,0.00020595301318419396,0.00018092962923657992,0.00018849484934771186,0.00015251849627252536,0.0010852696266759872,0.0002226204387409597,0.000273721403301964,0.00011529755325981739,0.00030570128653475823,0.0005021537227947056,0.0006552412303707341,0.0001636627981064174,0.00016567627469383394,0.00013169128874567038,0.00010325732343258309,0.00010440204304064296,5.797595275768805e-05,4.638647451745592e-05,3.523258088619612e-05,8.102721736799263e-05,7.520672205588906e-05,6.499782857890502e-05,4.250404636130476e-05,0.00010095501789681872,0.00012568067920884886,0.00011954587114080758,0.0,0.0,0.0
C10T12,0.12709776467167372,0.006412188456153864,0.0547006926569353,0.006338270294525652,0.0053360321808219886,0.0077250669808731215,1.1992711364619943,0.014021802047462515,0.005889541863169754,0.009341178473898452,0.0031766739252421516,0.019943132779489777,0.01524285836569403,0.01103000237783231,0.00553800251148144,0.0056979696946666755,0.006071406062712251,0.005035562438549003,0.006855367879003432,0.00670173088818686,0.005640676524142802,0.006314125974705622,0.005599467464571493,0.005736603298890496,0.006160989139456003,0.005056003051965265,0.005741742127810845,0.004977707348682217,0.008916514300985518,0.004722467678283761,0.009591139398569402,0.008263970334950294,0.005873437963735254,0.0051153274161890175,0.1460282505747574,0.007405763124582827,0.004809516676903887,0.004281204378444737,0.003436444949363965,0.0012135301666566787,0.00554746535020171,0.006204495372033455,0.004430872120269549,0.00420861662680485,0.011884110886593061,0.017178996019986306,0.010148707585061053,0.0,0.0,0.0
C13T15,0.005072733485615835,0.003285058551176631,0.010982080508084786,0.0057378183862905035,0.004199129267846599,0.0070775502410948135,0.0060448973351795434,1.3054097647610485,0.00499654024291245,0.015322470747729003,0.001816638998656239,0.007479695880183299,0.005318571146172755,0.011812225470116258,0.006847604554003846,0.005400113040899262,0.005138098637823012,0.005485291941295534,0.007086566297291793,0.006697998991538825,0.006450247936264113,0.014844877312054264,0.008318128511597609,0.007893597254326952,0.02433729703533994,0.004399625288352378,0.005381068131191708,0.0054443207872847,0.0053675399164798574,0.003203571486510159,0.0036764450192693582,0.004510901789718363,0.003399749364008994,0.005720246998172948,0.006689819117419279,0.0045651233545254254,0.0030349985439585415,0.002025675208490124,0.0014786652820512557,0.0008119095846077232,0.0038025162050058354,0.0054521592534561595,0.003920742344374971,0.0018310250673657066,0.007629120792375582,0.011509057878511341,0.011500046920852863,0.0,0.0,0.0
C16,0.012280971954459456,0.014954824994787322,0.0066730130552532865,0.011455163813792538,0.009359021916670065,0.013331524090257655,0.014015026519281232,0.010125223431202634,1.2403188252798123,0.043347916258793674,0.0035599165282779173,0.013185823295729367,0.007360359824071813,0.012377935585468075,0.01892863074669151,0.020964599931959003,0.022199538573955204,0.014399915378465161,0.011270490529407404,0.014155114397158651,0.012450602162788989,0.016067749141830536,0.027347636549893507,0.013548168572753939,0.08585259912913924,0.014328260432515148,0.02919918142335628,0.05494751883173803,0.0073057394369115325,0.00604076219977517,0.006971947425846634,0.00826302268240483,0.009201144107548926,0.005215729766007472,0.008213260717905858,0.007686893270300687,0.005661140116854104,0.003267184577609577,0.0026273147921021707,0.004688763516307676,0.006906482929136383,0.005480342654665559,0.004792049533348269,0.0027178385619327314,0.007080001634941607,0.00787299289938747,0.010868096081129902,0.0,0.0,0.0
C17_18,0.019304815649885752,0.006972772104773483,0.011226983694893077,0.01597453720336076,0.012412716637784194,0.019776006807912652,0.046851341011994334,0.022637576862595363,0.01820493879764281,1.362496512815496,0.006973026844769326,0.02721835525038498,0.031544226393111344,0.02658811225905689,0.028354772716151284,0.018459027697489205,0.02000781321926929,0.017578208029041368,0.025166300443298196,0.024475504453145308,0.019174807923339005,0.02047951094869729,0.016079050763453586,0.018872409870347738,0.024368814661273958,0.02318540618694675,0.016635310270665327,0.014972388607244185,0.019016978822263997,0.01092201651717396,0.013597935588904146,0.013722095363257494,0.013320683810043992,0.024998802387308634,0.01870923661828428,0.08951758050322221,0.020176760071791856,0.01894047697896314,0.014698772897029292,0.0035526399907670906,0.026639298495224173,0.02068589959968897,0.012146726076707439,0.011405683025359149,0.017931249151706453,0.023172652867984554,0.02460748732380925,0.0,0.0,0.0
C19,0.08482429673840297,0.05176458498822353,0.10265526846606847,0.09853607722380651,0.0823006836879767,0.10540659842303789,0.06598756461963505,0.04789556353529051,0.051667658875632884,0.06893682958773106,1.1866042802982637,0.17473650152576953,0.04791203737640182,0.08545226192316854,0.07524074345778513,0.10042461498396835,0.07521136758649946,0.05270016815040371,0.04831384681186732,0.05763349124496161,0.04760788070892922,0.05705279184449514,0.04700349069207882,0.04809620839733847,0.046607852630675475,0.1510012312124374,0.06210947149001374,0.048320692905618995,0.03843479728271048,0.16412042498157592,0.3083356541747186,0.41637618308175633,0.0630667317500513,0.06627329075915694,0.034299950510508354,0.025887565737389966,0.02522742665434061,0.015530302068233469,0.01335552278415007,0.007182951404467769,0.02208119959318872,0.024611779960202307,0.019336429217373764,0.010477015642124894,0.02887603218732009,0.032372118811529925,0.03520690014015866,0.0,0.0,0.0
C20,0.20333440249887483,0.02723505186126984,0.03543560750234467,0.08636242812307839,0.06848383457803124,0.07832601291061102,0.11443622041243869,0.15275643559420596,0.0760204747989659,0.16489489688700065,0.06565324626092055,1.5362815210716931,0.18446843570473698,0.43803614305703253,0.108340105079313,0.0701413406507139,0.08647383638092472,0.06779495471942627,0.09278595849862958,0.10669502860816478,0.06794294589256368,0.1007080023135102,0.08634399530175592,0.06891320152015729,0.09289179312208212,0.042412080662259315,0.06708268557706537,0.06179353851907975,0.026695047360550297,0.03238696403661043,0.04208932017950685,0.04986346003861154,0.026873845588013378,0.021600892128546562,0.03994858348127277,0.036241958660455945,0.01986903386594062,0.01476830361834995,0.009389850723501543,0.008208375899557793,0.02409006176054123,0.027255644635030878,0.013152585505541542,0.009650640524971476,0.051042967886999406,0.028387477083568046,0.053883639564952755,0.0,0.0,0.0
C21,0.011562231675632573,0.0017025217195589472,0.002770194042314111,0.004853647351094668,0.00328298236838137,0.004650872346732811,0.0075909897677798426,0.006326428019655678,0.0034611676600999606,0.006395401855551541,0.0024695824084825587,0.018350436402498612,1.1035115251400718,0.014513231063221535,0.004528250305944603,0.0037600110128833773,0.0040800480141213865,0.0034045814493083365,0.005186969408034381,0.004943070509875098,0.003825449961121944,0.004612625075475357,0.004138214283310041,0.003784444533058359,0.0045432047927231245,0.002561127931403341,0.003746845665304919,0.003321259470764807,0.00193386647670444,0.0019715064831425932,0.0027665757551489727,0.003091650383732908,0.0018106050959112827,0.0016967079550307563,0.002756242078535336,0.0023467629807936347,0.0017562872912421483,0.0012772579805379394,0.0008674106575824571,0.0005285141459951435,0.003321139852318236,0.001691293391595517,0.0020420530053358787,0.000912034086925961,0.05468074776671075,0.0029274356575038282,0.0036192890897858263,0.0,0.0,0.0
C22,0.026475781441082938,0.009854758176051852,0.013786083088384766,0.01951498406890425,0.0157353512191719,0.021721378944505394,0.04983113679681701,0.03844461718255858,0.01972854439983743,0.04122672931025994,0.00744395870074966,0.04031227384384323,0.03580574679214152,1.1319098855727852,0.023996252917478096,0.018218639453755018,0.022692860647935253,0.026699870948799966,0.04770777888078608,0.06101753017582302,0.04151418730056188,0.08066218423121359,0.02992202466953551,0.04730172130566526,0.03931626089364233,0.013583131484008918,0.0208947423218327,0.03386853859926506,0.018190251435142486,0.019591812978367405,0.012695402412865932,0.01309937412504546,0.011835251954681903,0.010323645907515593,0.013768798522871113,0.011023189469981744,0.00920912938931258,0.005365791866414695,0.0037725167918381698,0.0035427309612751563,0.008898187360561532,0.009817047288015168,0.004905145534862967,0.003255652991700107,0.011688793097288357,0.010253547121062464,0.01154502429462703,0.0,0.0,0.0
C23,0.0162762417337414,0.0081704535168441,0.00660447766405034,0.022207330084710767,0.018772895984068196,0.01983611752532305,0.022946120574690344,0.009861995626979668,0.01421185013482867,0.011144304935631557,0.0052338667471865845,0.01959779901518812,0.015758949962762843,0.022401756250551793,1.1863706863142525,0.033910234425715356,0.023749938489609112,0.02095668133324717,0.025516861642336647,0.02728935295376891,0.01838496504888513,0.027096057154133935,0.02344011264860283,0.017472417719653178,0.017600399983761245,0.018260932565160426,0.017842075577647245,0.13314494333621177,0.0079834500654546,0.007458457766355507,0.00972922747149536,0.00824132441034921,0.00971848001699655,0.006126739962235666,0.01064089688225106,0.0054729209304797645,0.0077968886094408486,0.0035058829652279,0.003142630946933694,0.010026275792029245,0.007748884872430736,0.005490008197450141,0.006331338619631874,0.0035833889433554244,0.007754920304056261,0.008212574325261917,0.009261179239430418,0.0,0.0,0.0
C24A,0.013339065325570708,0.009271996402803932,0.008205023472224463,0.030915240032548315,0.01568516558840954,0.036313403380428155,0.016699327979504856,0.011011956958588214,0.01582402605129819,0.014336946309563068,0.006433904014379558,0.015804886140329422,0.009468615012204196,0.023119138292866596,0.029144926359676502,1.4400617687146342,0.07085788402145823,0.27544292237053497,0.04898115008902216,0.09352607712925148,0.17904350115340484,0.12844274532683791,0.14904630824189796,0.1451095369928009,0.04855690600563445,0.021820560809437204,0.0344677998840288,0.06777840154962941,0.010637424152479053,0.010618497948985667,0.013806356556391867,0.014631334624137828,0.010644075794145216,0.006437154302782188,0.0076394102222286315,0.005987880408746324,0.00912155365398779,0.004446944683380808,0.002919218865218173,0.004753106819971582,0.008111751988029322,0.006260860247177498,0.006091410475415384,0.00276075046859631,0.006951416914694993,0.00844483776080717,0.008209606542312935,0.0,0.0,0.0
C24B,0.006375719139883054,0.0035959185409659557,0.003416245240399375,0.010613906891843434,0.006362162070568126,0.011625930191768408,0.00834286961725531,0.005679823935589409,0.006648439035026155,0.007781666883509252,0.002871098071560979,0.013348078079421637,0.005902168063049706,0.01198865616575503,0.010518944733235001,0.06602171020487659,1.4275251787879613,0.08905414328918886,0.04753661926992851,0.10427135379618187,0.05656821217589269,0.04914061799976132,0.03905824352618023,0.05101829302615526,0.03041718159573144,0.009949151804860818,0.017637641433883026,0.018818479580358555,0.00471964530784377,0.00440357039533189,0.005453961052244575,0.006122440888872321,0.003993891434879462,0.00278686711622958,0.0036220370385438715,0.003072148737492302,0.005229314597041937,0.002461173472783631,0.0013039798581388792,0.0015767857786061423,0.0032859559263545583,0.0027643385354952045,0.0024122993530603836,0.0011691364309988485,0.0035274368847313096,0.00392065357956734,0.004030074466637452,0.0,0.0,0.0
C25,0.028195438721780205,0.017971001659069633,0.016119601038453404,0.04712669651920409,0.02995876108012094,0.07019167176445573,0.041540888706459264,0.02293026206460074,0.035688001572700696,0.027055563644571526,0.011257805765313253,0.033438101766621466,0.02000935008652143,0.03930426977977692,0.037515076848873924,0.08476652182579071,0.06291154081216933,1.2062496913724532,0.06835779054422127,0.10422719709583657,0.17911444053762854,0.13473368007385284,0.1667501980421095,0.13223823274027285,0.07424330975120341,0.03301458332592452,0.031756537611398204,0.09320885403945516,0.01766791192015013,0.017142547375196906,0.022398828333102964,0.024989015356869496,0.01739815394360698,0.01105971563600096,0.015885952797576295,0.010966833855485143,0.015885664143578004,0.008071541989696753,0.005071449182842158,0.007785489451879292,0.01395662358940975,0.012815028368064802,0.011928199037952038,0.004776643937980419,0.012408665543094775,0.014953362867759744,0.016151874548514397,0.0,0.0,0.0
C26,0.006336332259495008,0.0038449765849812357,0.004271741324715268,0.008844514219338738,0.006617626484302996,0.01255948574729558,0.00709839468921366,0.005921293548694077,0.005008350916539157,0.007837569068728947,0.0035408888231588265,0.008980206806983875,0.006414816911192241,0.00799615999543387,0.0073290933847118805,0.010301762012004579,0.010493427174513714,0.011532041136081014,1.3650758293739382,0.07451560273235541,0.036114104077124884,0.02901083202575406,0.0363652513091981,0.026721638522343133,0.020284858883431588,0.01424239556636003,0.008958334336590405,0.01158205551027465,0.008395743037579758,0.005769455688749799,0.008483388652245762,0.009986905045779957,0.00727099243544614,0.008264629986825407,0.005130310239090493,0.013124904720937395,0.047135960973622715,0.021792189778266566,0.004440747971626189,0.001686367799589111,0.010418524216199165,0.007442960759475271,0.004626288381324222,0.003109079436211647,0.011340558979018828,0.009020209613499886,0.009930066656519274,0.0,0.0,0.0
C27,0.009320002527449644,0.005105384469317297,0.0063454679800165024,0.015928108918813588,0.012253449870784227,0.019375860111975896,0.01024097559983691,0.007837961141569141,0.006929590981646735,0.01162855415076262,0.0046928127962665225,0.011578685292539205,0.007275910341018394,0.011440075430558938,0.011770738117613077,0.0173801152690137,0.017966038829478538,0.018126761013307537,0.07332237052330073,1.1976169501519003,0.0492991635804903,0.055907850025475526,0.03178710824919563,0.039587979731376136,0.027441005353158975,0.037796072343706605,0.013991824799482022,0.028390347785564887,0.009418142499947416,0.00871808019842129,0.009996694731502024,0.009761248538792231,0.007775576755689503,0.006334711922548559,0.007308117430358028,0.007720393619876655,0.020376406946423828,0.007363417030064654,0.00295147553969049,0.0026650314125759547,0.008158965541228035,0.006744595346213609,0.00496553643503076,0.0026577371921193667,0.007316661174144063,0.010417951023720983,0.009088175085497611,0.0,0.0,0.0
C28,0.009755085317392474,0.009130776395899211,0.007803864442721098,0.027982161605033033,0.017918543818818824,0.038078065244251516,0.010808547224317717,0.007822744939996972,0.009205843143982111,0.012096825864495645,0.005984008624302451,0.011262080850487159,0.006999581263430837,0.011573604843866065,0.017606212611595794,0.0194969731469595,0.016731285246019884,0.020284720630679372,0.024922412390470484,0.03524028545059233,1.1095304482567818,0.04031674732449201,0.05008555236188795,0.034896463555340505,0.02987965268230047,0.01860746416338011,0.013337393556947531,0.018834221086616885,0.006969087932388962,0.0071636624809492695,0.008235768682242081,0.009973721147081059,0.006737758654170277,0.005202129779955492,0.00499346635877903,0.004968864718057607,0.00695949025422687,0.0039173684624584475,0.0024949373571055617,0.001833435385209719,0.005472416528804531,0.005453191790596911,0.0035337835950135935,0.0018648409158023124,0.005344306579791258,0.006433072175790907,0.005440457726132237,0.0,0.0,0.0
C29,0.011562961885577885,0.01247094472344351,0.006764699886250065,0.015119679222841477,0.011022970944427222,0.017178890350649324,0.013494530685023797,0.010921536196545702,0.011191771021824521,0.011906959861308576,0.005463105108419501,0.013973382984004218,0.009721520274731024,0.015375439408998921,0.012880306170346053,0.015541925880466477,0.015625591565220837,0.01484470577025383,0.03724999441548465,0.033037768186325235,0.028374100474579413,1.442873178772263,0.02023044836023595,0.038076365388345815,0.01786151768919214,0.012494399716061406,0.012318971792598676,0.013599894527422593,0.03099106026755547,0.02994465467745595,0.014856698244099666,0.01623714028945102,0.011806539712913705,0.009510515962926508,0.006592261682195916,0.006673062447873181,0.00878014478591094,0.005293874173357721,0.003007301876830019,0.001797324570451711,0.0066163816776086595,0.007612984290712757,0.003789199705557561,0.002158478862636632,0.006607015721739021,0.007557726959392193,0.006488770388440259,0.0,0.0,0.0
C301,0.00013887105280767988,0.0001536690889363134,0.0015343263055882298,0.00020074406872920987,0.00018050255157073538,0.00019557367128580124,0.0001689301643175936,0.00012129928418159756,0.00015957302450848998,0.000152766959468979,0.00012829474188169628,0.00016966119276387066,0.00010572618907087064,0.0001504462974576333,0.00014984011733349496,0.0001995254175925144,0.00017923263875293494,0.00018612748929104235,0.000270737875685216,0.00023473327516318338,0.0003684215473682706,0.0005033950032737684,1.1494478137812858,0.01196697802376068,0.0010960086215618203,0.0001586175455382993,0.00012095965143031235,0.0001407381137643718,0.0001419966651968414,0.00038532780719760653,0.019161933401885593,0.003410928052628713,0.0006902277248856819,0.00015187404355680148,8.025554990069773e-05,7.361444161185015e-05,7.940006274179753e-05,4.939040385141088e-05,3.728755594508514e-05,1.918185752700851e-05,7.467132690254415e-05,9.529805263747384e-05,0.000518172377017624,2.63485682276172e-05,8.04505572443283e-05,0.00011842341052543107,0.0001145303679826964,0.0,0.0,0.0
C302T309,0.0008642968031942295,0.0011081589476563502,0.0031738270787861817,0.0011280488062480993,0.0009033042571489226,0.0014519659790856627,0.0010493333928145415,0.0007593149519452068,0.0009997304769495952,0.0009135343934833618,0.0005402998672012354,0.0010066998122582132,0.0006596455693721545,0.0009346697324661598,0.0009399695693347657,0.001182063736354313,0.0011107225102509467,0.0012903520841030353,0.0016682482881754646,0.0017849550968910511,0.0019049325846543744,0.009898849744450669,0.03322255016242089,1.2843454311045317,0.006867649006616095,0.0009188609031018578,0.0007780466141137376,0.0009157824430073214,0.0012940204813601517,0.006220158186223541,0.006690764667577844,0.030961367477162376,0.0017898882032540207,0.001151739413239163,0.0004977115760159687,0.00047172932571953543,0.0005067647113763932,0.00033879976346816914,0.00024980354751293066,0.00012633048714943585,0.00048752530393204483,0.0008094596902670709,0.0018545552172303343,0.00017986545195440828,0.000714380118359548,0.0006220850841150051,0.0007600355609021681,0.0,0.0,0.0
C31T33,0.018948101044925385,0.011066427518468234,0.015971731329450227,0.02216809740460814,0.022428670372610853,0.03083251075970552,0.017215406102393804,0.017768691749813343,0.015891741478782872,0.018354446674282203,0.007880592108370065,0.017173747138782565,0.01190472308911884,0.015008236196959441,0.018399631459750734,0.0269863452458596,0.022416541603147475,0.01907490174270174,0.021557769038790822,0.020619534912346776,0.02176221342648453,0.02069088075063951,0.021646407567184715,0.023474738907292864,1.048514946500711,0.02734650005884108,0.021152861957016034,0.01583349338461252,0.008861130164113912,0.014470244966401783,0.021540044127901083,0.0378700018902813,0.013136356720381966,0.010086528548562547,0.009974767341834865,0.008503655245984822,0.01112549700345075,0.006458182710165656,0.00468407564538411,0.0024667381840618166,0.008999292963938525,0.008638621071741187,0.0059377379043095094,0.004710616925289523,0.01884244527947793,0.017159039775524212,0.012054297641580043,0.0,0.0,0.0
D,0.1309769019547102,0.04658386919592347,0.07270926620132041,0.20787447536224904,0.1690755783583589,0.121655043239947,0.14622288717949591,0.11667947197736314,0.08168859249320021,0.19537564935873494,0.09328054894046503,0.18825715597498474,0.08783669057937096,0.14825655391412493,0.19232671372320845,0.271504903263933,0.25018698554180796,0.1457301754817002,0.12041342925393085,0.1297684861097358,0.11983155422236604,0.1307331578746772,0.11584047713241408,0.12379746509647481,0.09044501940964016,1.6077595684654982,0.17486496463019788,0.08386585815106276,0.07691894360840439,0.08977806087399329,0.06526992014886097,0.07559589763321913,0.075310552651802,0.07138183818241438,0.11820711952054107,0.06716129707662073,0.08397115002057294,0.03655163152005769,0.03148476507786216,0.02334613367283964,0.04728944432232753,0.04049695016956882,0.04365717956087787,0.03821872718802789,0.08103869987682251,0.10897797760399894,0.0951886744696398,0.0,0.0,0.0
E,0.021747164631690404,0.007057255448284762,0.012890589671586362,0.030832545049745284,0.019480280114589077,0.030812473265406117,0.0256798258702548,0.015705091774095025,0.014047586970724574,0.06114904695572529,0.0113288614962133,0.024173640284707552,0.014796913163248887,0.020556791562532706,0.025483613045557258,0.15307164745544027,0.1512950871201824,0.04980430751124423,0.023180547018204933,0.033155666107101814,0.03631609516995485,0.03085733137521012,0.031748995703012345,0.035935984296032314,0.01909365507720639,0.03589778159358203,1.2792955516890805,0.020824446234734766,0.013263707833730353,0.010779851522255376,0.01258750947953819,0.012658234314567944,0.012208018690590777,0.012105998688674166,0.020117171151031663,0.01107436036093097,0.00892849076037949,0.00573342085665593,0.005297066009318133,0.004874494730925405,0.009966719675737023,0.008528325964448113,0.018513703715689247,0.00835968542787184,0.021232769617229412,0.01794732575521837,0.01588514074267473,0.0,0.0,0.0
F,0.03815207989361786,0.03907055873081699,0.023630108834941255,0.039095976312550955,0.03178152516564295,0.06859554535433972,0.030008765616844624,0.02118712242763805,0.026136995809128746,0.028774091531553483,0.01498402794362245,0.02829021158626961,0.018200329933419634,0.024905528088407024,0.033632735640624654,0.04241452696963621,0.04170569451929665,0.031196490028195335,0.027011941537426504,0.029100608171364905,0.027188297167913215,0.028612206972701906,0.030679624786055487,0.028089457965124572,0.03209798358370245,0.0834847510221256,0.07246695126516053,1.2309773115691456,0.027484500323099192,0.027069619087326573,0.02562560313329678,0.025411551519168286,0.048789585641866626,0.026070807721539118,0.027798117221991873,0.020262509593171465,0.0378252062265257,0.012494584699236979,0.014380851543800179,0.054132069831217475,0.031352968134123034,0.017897706790031446,0.03928324848911298,0.015125413106413731,0.027215681526890162,0.03118047273049831,0.026309196228756136,0.0,0.0,0.0
G,0.23567021881597947,0.11969366555964217,0.10531457438924963,0.1457557514836502,0.11443028752515712,0.17004246662591066,0.2710097910990882,0.25160541929114616,0.18738867616927893,0.22443652321088903,0.10087804910360892,0.29403986817925315,0.20588697515210852,0.26744451620621923,0.17718405495848777,0.22838971618047352,0.1904099884485909,0.19393773731394146,0.317859263334698,0.2502418290612763,0.22471786038898606,0.3061156886662234,0.21718063979465338,0.23908395861505635,0.1818515479526986,0.13451395172785835,0.12792895318627634,0.17057648807832984,1.09402961846347,0.1308862079704882,0.13846602081535153,0.16805501505338058,0.08326402449482019,0.08375813278911493,0.12782897798538218,0.09692461224686756,0.09239101732083844,0.06025362388475491,0.03425048682403029,0.02174259810129022,0.0685563529646632,0.07077687322661787,0.04135567504398123,0.025430434857687173,0.11338591774891195,0.09037306183041234,0.08535610876981663,0.0,0.0,0.0
H49,0.03832122403279957,0.04157145536157061,0.01909029780668983,0.04638788226487884,0.058877008511646144,0.06367448276659583,0.04902223147926551,0.031272066100015164,0.04594643230971159,0.04448145785390151,0.03187396804702438,0.04697900500517603,0.02918443666059355,0.039271470532398926,0.05269075782997565,0.052239973350560256,0.043694849444260005,0.03770736227943787,0.043513202897912336,0.042588850599731505,0.038334476929517164,0.0447098372951339,0.0341065813374685,0.03948245074027503,0.03256242631905877,0.03762008045658358,0.030741990511675858,0.0328456344694606,0.035283933685427364,1.0682149922569253,0.03525352628454748,0.03585811712764836,0.05947274711728205,0.08864404801219153,0.020459649046582516,0.02045533277726785,0.016418271435722376,0.009827635213794072,0.009019743315984506,0.004328874949112306,0.01569645239459839,0.014890155149121185,0.0103347440364006,0.00720676465715705,0.01946525857326349,0.018293837399682822,0.019715705581154323,0.0,0.0,0.0
H50,0.0029346684469990694,0.004499534821475255,0.00371333884612529,0.0027947367590081735,0.003718443121566302,0.003413749121950236,0.0035877880861280324,0.0027200983642224385,0.004035100045599277,0.003515514116726227,0.004318832956891619,0.004225001762161242,0.002424164409547807,0.003530466973500413,0.003281735443667328,0.004569470295178944,0.004027639850734008,0.0033451879220180772,0.005567867281368939,0.00446592490630953,0.0035620379383175943,0.004114282654748149,0.0034092915424901163,0.0038748828081686818,0.0029223418416501317,0.0031381063241153733,0.0018658354019608493,0.0026798451787315263,0.002952272188957145,0.0036207356734323055,1.0829212694145294,0.00454967728057743,0.01013467044724387,0.002389363563153733,0.0015619755698872263,0.0014024038708404178,0.0014498079001002307,0.0008409234683814776,0.0005186255947348944,0.0003196120834704209,0.0011944956590773975,0.001235772902491828,0.0007165249789259245,0.0003843230677204032,0.0013821423378636217,0.001371385575852725,0.0012564856987220068,0.0,0.0,0.0
H51,0.005090927671190456,0.004104657937707562,0.0025668270010946936,0.00368945082966307,0.003284291967625919,0.00493423912040756,0.005829959709330617,0.004210422950497525,0.006194698024048397,0.005545753563932283,0.004246780702923638,0.006258273668456582,0.003930092389102058,0.005650787960913743,0.00486912669533496,0.00492845224464393,0.0049548764541432295,0.0043559175868718904,0.0071108062535986186,0.006546662689589814,0.005291213539397882,0.006340416129315503,0.0049611715301632175,0.00561324292969033,0.0048716944005182125,0.004631084682670285,0.003414730164998699,0.004638436970292324,0.0027514715518188793,0.0031289724670668395,0.0046908105956136505,1.0184211896025552,0.005855980012605238,0.007245515008561378,0.0028518469104246076,0.0028594282754610114,0.002686887402206293,0.002074885943649684,0.0017485365756681136,0.0006559519253432853,0.0026300788543068875,0.003088168662486017,0.0015298430614846172,0.0008062693091137817,0.002515531651339027,0.002750602328758675,0.00263337788237811,0.0,0.0,0.0
H52,0.032049013665465094,0.027755366022258907,0.02548769462201786,0.033473374555433956,0.03042357216839634,0.0501440637251642,0.04180934508677469,0.028281457843291453,0.038509714807223074,0.039241258885194405,0.025181021742492454,0.039287038474528774,0.025563057209234727,0.033654542489663375,0.03608362338844499,0.040082897053499635,0.03391410885111004,0.03232580707084225,0.03975532565321951,0.03868365355059613,0.03386585619278823,0.04327678502101341,0.031734191003955685,0.037329494173343164,0.029666685369748553,0.02678809854960401,0.024536633785531472,0.029048531558663996,0.043335363843219316,0.07776189410535915,0.19446263913350276,0.20630153259008913,1.1816610767650186,0.055512667329156995,0.018073120118777285,0.016530680202790235,0.016757960521222776,0.009800676601688317,0.00692535632897023,0.0037259563596960445,0.013979856548880603,0.013657422861786313,0.008631099285348538,0.004217929449379919,0.013427047072360025,0.015933367810190283,0.014848250496024439,0.0,0.0,0.0
H53,0.005723150788224261,0.0031041459569919184,0.00328488902429025,0.0050626127007427175,0.0042528030686156786,0.009032400094649463,0.006046097403594802,0.005501240491884495,0.0042908116364197765,0.006257928302397858,0.0024054938866937487,0.005957589169821596,0.005111919932571767,0.0053731795438632605,0.004708173654005975,0.005619119852550691,0.005328041213955863,0.0047531000857138905,0.0066778098408215945,0.00600326232820601,0.005782134622794285,0.006270826264608291,0.00519067645089556,0.005767185640392314,0.004925027401922897,0.007437722473305402,0.005596777303595858,0.004455234804450015,0.011104573007800156,0.005174715102219146,0.005392547547960509,0.006499533093617829,0.008864413961643853,1.225300479749475,0.005405137902165772,0.010331139334704528,0.012724036712747664,0.005296259034193669,0.014268885608768331,0.0018565639772908816,0.008295245588026327,0.005377255420128704,0.005752993785469255,0.0022861025652650357,0.005517141826310876,0.007476379784269386,0.009963863723916508,0.0,0.0,0.0
I,0.009941459397438332,0.0080779179481973,0.006280437783150209,0.02080012785728471,0.013814489610977356,0.023529358747349002,0.0126543840937383,0.011246037306127634,0.009616292736695349,0.011477732864311845,0.005896857712469399,0.014048737107764062,0.012305542808172788,0.012032678563372748,0.01068593803625388,0.013311287073195226,0.013127283884958294,0.011608233489081868,0.014848181349536794,0.015337624189713555,0.01319511549959049,0.012696501962800763,0.012406565126560819,0.013565906985982595,0.01192302096731025,0.013567937136193427,0.013826392848576273,0.011714523530620156,0.014547646047589124,0.015229155476278797,0.020291756374464252,0.03272191620066619,0.021252232126329415,0.018291944983285676,1.0144170573893663,0.017186183395885322,0.015441420767775034,0.015690309471865317,0.014602806872184706,0.0031912008050635206,0.021908923619699063,0.02484370873599218,0.011950779432664694,0.0078669852662801,0.016870192237703502,0.027157989835777753,0.02628295988268207,0.0,0.0,0.0
J58T60,0.0070826360864525185,0.0038449951612581864,0.0038697949871426872,0.008012809578628462,0.006316140520014607,0.016274897768931082,0.010176424114500066,0.007568788247784281,0.0055739720961531574,0.009316568214223811,0.003617775735914345,0.009452922156480574,0.009334262082216644,0.007882877390960665,0.006985437494255068,0.00835007600715335,0.008289657349601555,0.007006044274882827,0.012129608234514432,0.010492115655024052,0.008210534732903613,0.009447463510143939,0.008371204839562656,0.01032890713939802,0.007715338281362423,0.009826566070166035,0.007849928569009948,0.007666147611321889,0.010432666497889487,0.006478518760884542,0.007996035647997588,0.009763857066209072,0.007973880002450104,0.01015374674466545,0.009732861250868193,1.237106752789808,0.04294532808315786,0.017339940753538154,0.00889142544560259,0.0027969047297559074,0.04609836969964557,0.00903301842085823,0.006297541965698679,0.007172217054686861,0.007918511531744868,0.03134862516648852,0.016477077145781834,0.0,0.0,0.0
J61,0.00971613995061376,0.006986184593051666,0.007532765945730516,0.010529816191155306,0.00998908213411843,0.019431078467866902,0.011683116111011586,0.010890724271693105,0.008775825151280416,0.01151490112210144,0.005123442038812785,0.011273170430904264,0.011438749215776431,0.010388014903443543,0.009839151771420548,0.011409529942967185,0.011734175792252242,0.010302706215134827,0.017281004830349254,0.013927746436087315,0.013073480747950597,0.013790761005715874,0.01094490031453124,0.012530232999337499,0.011544850663035277,0.014164568262570556,0.011313607254108016,0.010877730589783804,0.01573783434931117,0.011846774123378133,0.013469921649665715,0.01439190869542988,0.014620251705378189,0.024340681576956177,0.013014652264233782,0.027503710356754456,1.1850347180459642,0.023159799653211733,0.01815558297089251,0.004450024869821806,0.019086098043043703,0.014096673437709808,0.012044106094140774,0.004839246223995384,0.013592727925587666,0.018848802938381783,0.01936499337656891,0.0,0.0,0.0
J62_63,0.02192064222138017,0.0127367594421649,0.013379461657385022,0.02629713985076572,0.023352454211482538,0.043011118067132655,0.030035008612015943,0.02440752858671418,0.01834937995756041,0.030430974336859238,0.013113976071323405,0.031023373585500547,0.03131564867693792,0.02634507513210092,0.02539981516795529,0.03046503070580135,0.029798783724260515,0.0257983761569516,0.07477961370225669,0.04186828265419058,0.03216717675116211,0.03200532824202671,0.030799202889789327,0.03407144044621536,0.026901284640956875,0.04341154592489006,0.03127841012975043,0.024656141871167565,0.033746616457893924,0.023177618537118586,0.03293511604656287,0.03802516512421897,0.034154666181835325,0.04990117150152698,0.022501950792300742,0.056323514522074104,0.08831608130720967,1.2255527792676884,0.05041425713904985,0.00890288467723239,0.052529474014260405,0.03254548258202421,0.023290492820929307,0.01190989158563825,0.026641948755356002,0.03692157569950005,0.0320178282060229,0.0,0.0,0.0
K,0.06963297460957127,0.037783178474739006,0.04414680949525301,0.07222809982622493,0.049853881006212235,0.1309929063418985,0.07261007587139974,0.05447308389222561,0.044244860860973276,0.06709254036399394,0.03636696856579457,0.06669484627196084,0.05368735024801053,0.05886461447765193,0.05726762279269321,0.0695308013434544,0.0761054835902069,0.05591418505790546,0.0712338126998134,0.07305596341649453,0.06160457131290322,0.06256249310512162,0.05814869519362002,0.06400040169666837,0.054037162158659585,0.09360242569004074,0.06105308034403198,0.05090714750724508,0.06484721095455019,0.059986804980065984,0.07171465482832562,0.08181840055811303,0.06158461117643792,0.058034322223122534,0.04882301057687975,0.04731751502297549,0.060054291242764964,0.0414291076397465,1.201052020318941,0.05012268413537835,0.05966631831408554,0.04442338907259387,0.029994758113164856,0.01457228082218657,0.03657634812309417,0.060436498758056574,0.05851267622126506,0.0,0.0,0.0
L,0.017739854887319537,0.011796301174571555,0.01025544488297334,0.01849691458061084,0.016853225977981036,0.030916600972560274,0.023764408194220134,0.023224204284010043,0.01604019885646114,0.021296124860279327,0.010423420995428765,0.022429548921057106,0.018963311596385507,0.02090458552649703,0.01837305928591252,0.021704288849876883,0.02142004165294743,0.020623320794512016,0.02827596227073801,0.024894744770178237,0.02163402764328454,0.024935720017500173,0.02423186954441141,0.022800422924000883,0.02223643909601888,0.021837250262535166,0.018106736620471114,0.021176257901022684,0.04402233190188559,0.020282315221516897,0.024485419206076955,0.025926997917062336,0.034958241819531055,0.031436688918337466,0.03846204998989764,0.028839373858752,0.0351374748158023,0.026619550262798174,0.022246684404295152,1.0137924411948183,0.029782981516520868,0.021129476998597803,0.012333318648556012,0.009089942963262607,0.022855151429562393,0.0369000559486813,0.031377341568629896,0.0,0.0,0.0
M,0.0732752151751607,0.03341083557533318,0.03749308050089961,0.08622435251823087,0.07093156066820018,0.23511731829397578,0.096841582907052,0.06977539826271198,0.04797829129538557,0.076332765662327,0.03804890651954895,0.08761748661619467,0.08943258928348843,0.07703576662869167,0.07293180900731595,0.08560007906820856,0.08056317713632878,0.0723847698886001,0.12971245349357072,0.09578534160838444,0.08239855974851139,0.0989706797347116,0.08643692800625212,0.09579489664822521,0.07279134245374952,0.11463624625088589,0.07846175048066766,0.09331571113136779,0.08700777145267284,0.05471325345720775,0.0725827155403862,0.08048105296574974,0.07894171726585389,0.07362043159386658,0.06592829203770834,0.11242933043909435,0.11262434380376633,0.08127010914123498,0.08035766762090503,0.02857390610729578,1.1997447765146816,0.0689614925927248,0.04751686523836659,0.023988611547617996,0.05910190971077655,0.09260657975391148,0.0808799708735866,0.0,0.0,0.0
N,0.05762977309051568,0.03917000161210273,0.0354634315603887,0.09070634862422294,0.07662482959016953,0.17203826794653163,0.07157389885326156,0.053616058510994054,0.046021574349110486,0.06758269410095388,0.031003186019299113,0.06815680833869386,0.06456465578057193,0.06174916611734649,0.06441866450690217,0.06838426085777674,0.06782715998565586,0.05869718893446963,0.08107175559733065,0.07677170265127166,0.06919058315812303,0.07511851483510261,0.06721056537098528,0.07670750711600545,0.060581610642869786,0.08991136844190993,0.08447894554928119,0.06545044633120753,0.0715072384954888,0.069274802201541,0.1185470975273628,0.13158660034549968,0.10317521973187095,0.09842110301185414,0.058771580525744396,0.09248456411850846,0.10558479468346481,0.07981217465284973,0.05950204875912296,0.024281969591214897,0.08917692679502455,1.1177457156830946,0.04553942165259681,0.02918748454673493,0.059181623010253044,0.10440397460584919,0.0677140645300872,0.0,0.0,0.0
O,0.007061470013430015,0.006118075665376166,0.003897232947949925,0.007981889790166175,0.006638672482845261,0.016289071348727414,0.00855219121107571,0.0064642249303031064,0.007201441550612782,0.00832304947906658,0.003628169531305683,0.008069947126650165,0.007072864210854222,0.007217062081088436,0.007139330889753819,0.010032693867184013,0.010037520391490288,0.007473203772007316,0.009768603703665094,0.008661400803075885,0.0076960093364603285,0.008693646361440325,0.007861396009788338,0.008549755611428528,0.0069222454267437875,0.01124808385593229,0.012248038295174431,0.00955126586470865,0.00806261294438128,0.007362216188715657,0.009381457134251144,0.00990621748275731,0.01051487271799006,0.008294121389185623,0.006617451484177613,0.008157692904578009,0.009741824163684196,0.00756116270925186,0.006482613976381285,0.0031881598630868146,0.012483255260561996,0.006897396632526223,1.0058853518572999,0.0026187453696368914,0.006362712282095167,0.009465647052850948,0.007530334294331456,0.0,0.0,0.0
P,0.0016614947041771512,0.0010544130252591495,0.0009962418018442337,0.0021289958983371706,0.0018209907945659182,0.005095461752666927,0.002004899637275085,0.0014973504099631435,0.0012162219725028861,0.0018292382572731919,0.0010036778092116004,0.002016160956693418,0.0021769819326944786,0.0017872121855889414,0.0017060146911472098,0.002139036918756505,0.0022341870369567457,0.0017460034950692591,0.0026980267785646625,0.002460111772906677,0.0020349229447459,0.0022268157557675987,0.0022077954950553325,0.002561555221298224,0.0018073835053628163,0.0027408431407434306,0.002221169953108869,0.002234376416766279,0.0018449359500419139,0.0015892596501318687,0.0021886422567114396,0.002954295164912605,0.002296523807951494,0.001949665779574188,0.0014324026551837175,0.002378805321251557,0.0038129090244074567,0.004015364671724637,0.002344458981290128,0.0006931606095838429,0.0040507241152660575,0.0020409705289712045,0.002484727420541826,1.0044053720102297,0.0022156899529855146,0.002920214499751892,0.0023462865741853307,0.0,0.0,0.0
Q,0.0019735969399343536,0.0016087995735762951,0.001507658714329592,0.0026214346728928024,0.0018006414215714789,0.004068034565939369,0.002516367802838982,0.0018806924975670058,0.0016326834808491541,0.0022698244747567865,0.0009543627580854999,0.0023141271049998565,0.0024718510115666675,0.0022099639663506606,0.002395895079260269,0.002197748545074273,0.002342623716134584,0.0022927531412604003,0.0030249677392448515,0.002813894056242983,0.002316756751522521,0.00246604366941463,0.002472168303087886,0.0023396405724105057,0.002101926089456132,0.0024879963328141015,0.0025856075687767546,0.0021530628819840525,0.002311279573331178,0.0023914059486629365,0.002655290014988422,0.0031847513632829614,0.0023457909333979565,0.0029103697361432877,0.002287004943204704,0.0027597706107174366,0.0025970635797091446,0.0025196375358579664,0.0019254685365095597,0.0005946842393908579,0.0025172516506120177,0.0022343354208714155,0.002593147288142554,0.0013912738198655795,1.0625261446831211,0.003591114461372161,0.003528350462261089,0.0,0.0,0.0
R,0.0030052735510030875,0.002204182926836262,0.0019104518366074923,0.003149738940559678,0.00268697893655793,0.005171625509912722,0.004211834179382198,0.0032856252063758677,0.002403861663424001,0.00338341588996168,0.0013679789534426672,0.0036166993699910275,0.00296512610765465,0.0032824465718159068,0.002938078343990798,0.0033384798341272526,0.003456954562939343,0.003106678404859122,0.004227881078080727,0.0037243945512713808,0.0033946377786879763,0.0037712332365561663,0.003912347381343204,0.003645929948519522,0.0034144040159917225,0.0035850725871751777,0.003669303451550025,0.0035257752733831287,0.003974844591118657,0.0027307963758638606,0.004099080585758757,0.004041976797745502,0.0031999856178338633,0.0034826923203720417,0.006252116743898417,0.04469149395739943,0.0056227722068007135,0.0034603463881960612,0.002711401566101864,0.0010601314522711762,0.007971977037095198,0.004286979936443469,0.0037534817796081904,0.002658180042566462,0.003110283353493164,1.1510671067249065,0.022519397665362532,0.0,0.0,0.0
S,0.0022259107180778543,0.0015099078209408869,0.001961961139048742,0.0025987285089916585,0.0021087431183947373,0.00367675350177292,0.002677472565747992,0.0025340950323571375,0.001994245258728125,0.002274407740369955,0.0009835935149265036,0.0024236306399073406,0.0020595519893967336,0.002129545211251658,0.002064351968037017,0.0024696751870134986,0.0023427301968984853,0.0023237188634345554,0.004477414035615891,0.0027458365887259883,0.002452596086704822,0.0024552744818586983,0.002521730867603128,0.0024604953330722426,0.00227915919846626,0.002528178018790605,0.002626744935072094,0.002096661992241943,0.0021088879631056883,0.0019858496125105436,0.0026407981547593357,0.002653791845841193,0.002471129461965884,0.002123683861492706,0.0029401795788256803,0.0033218794101793595,0.00282758264919822,0.0024401621996807785,0.0028832277039985885,0.0006442146924073214,0.0033090420944525177,0.002417248584261424,0.0012864076313128942,0.0009503269488523646,0.0034043659824976786,0.005288534232429754,1.0168891740339803,0.0,0.0,0.0
T,0.0,0.0,0.0,0.0,0.0,0.0,0.0,0.0,0.0,0.0,0.0,0.0,0.0,0.0,0.0,0.0,0.0,0.0,0.0,0.0,0.0,0.0,0.0,0.0,0.0,0.0,0.0,0.0,0.0,0.0,0.0,0.0,0.0,0.0,0.0,0.0,0.0,0.0,0.0,0.0,0.0,0.0,0.0,0.0,0.0,0.0,0.0,1.0,0.0,0.0
TXS,0.06433122967583438,0.036362185032366906,0.07137176735852672,0.0768492340025287,0.06282231871425574,0.10485888734072092,0.0649035119671263,0.048391082221437634,0.03825104564331534,0.05592443644964195,0.019949083172370607,0.04517538729782296,0.04363962483177119,0.058056830783211395,0.06050839661198981,0.07469027537689936,0.05941088317562346,0.048191276080383025,0.06031489035858663,0.06046520854430583,0.054425337123853355,0.07684542301038408,0.05340588900378907,0.05632017737095002,0.04990496870880562,0.04003201212976825,0.05221170786285094,0.054120601744128076,0.048109884468044234,0.11624431537708721,0.05315893801375966,0.04580889849907264,0.057426340140742306,0.06053200499603968,0.04910951829061348,0.05234924444307562,0.04448054471248834,0.029303666485395518,0.028325066707036804,0.013018188171750525,0.03627473776445427,0.033095566963927445,0.023790359756529218,0.01316500152473471,0.03664537767081383,0.051031785082427804,0.044129042415730714,0.0,1.0,0.0
IMP_OTHER_plus,0.07380115933939864,0.038303655590441,0.07188921665526514,0.09830508340373748,0.08504384398012375,0.09607357519450954,0.06422137683687623,0.053227129095257786,0.04630289672006225,0.08052635356193265,0.677885773226904,0.15982701121359683,0.048118037245117096,0.08616781684719124,0.08998786917196235,0.12176110105779318,0.1064785327149724,0.06274282773095811,0.057567322807919465,0.06369649649223647,0.05463794135355154,0.06822391056363196,0.05350752014154426,0.05652138184738813,0.047592390628511845,0.3387053578611778,0.06742872660876047,0.04720792670420699,0.03692054245752772,0.1108143402291974,0.18813273307218303,0.2511797592918013,0.05089598154735869,0.051505803302474146,0.03988056214571363,0.02823332226665012,0.030109988456746048,0.016173454195583907,0.013508932043598694,0.008478066373103197,0.02215443898764648,0.02208897538680832,0.019146604023234266,0.012690595597029947,0.032207891807938614,0.037602024916169235,0.0375794709411593,0.0,0.0,1.0
